-- MySQL dump 10.13  Distrib 8.0.43, for Win64 (x86_64)
--
-- Host: localhost    Database: hms_db
-- ------------------------------------------------------
-- Server version	8.0.43

/*!40101 SET @OLD_CHARACTER_SET_CLIENT=@@CHARACTER_SET_CLIENT */;
/*!40101 SET @OLD_CHARACTER_SET_RESULTS=@@CHARACTER_SET_RESULTS */;
/*!40101 SET @OLD_COLLATION_CONNECTION=@@COLLATION_CONNECTION */;
/*!50503 SET NAMES utf8mb4 */;
/*!40103 SET @OLD_TIME_ZONE=@@TIME_ZONE */;
/*!40103 SET TIME_ZONE='+00:00' */;
/*!40014 SET @OLD_UNIQUE_CHECKS=@@UNIQUE_CHECKS, UNIQUE_CHECKS=0 */;
/*!40014 SET @OLD_FOREIGN_KEY_CHECKS=@@FOREIGN_KEY_CHECKS, FOREIGN_KEY_CHECKS=0 */;
/*!40101 SET @OLD_SQL_MODE=@@SQL_MODE, SQL_MODE='NO_AUTO_VALUE_ON_ZERO' */;
/*!40111 SET @OLD_SQL_NOTES=@@SQL_NOTES, SQL_NOTES=0 */;

--
-- Table structure for table `complaints`
--

DROP TABLE IF EXISTS `complaints`;
/*!40101 SET @saved_cs_client     = @@character_set_client */;
/*!50503 SET character_set_client = utf8mb4 */;
CREATE TABLE `complaints` (
  `id` int NOT NULL AUTO_INCREMENT,
  `ticket_id` varchar(10) NOT NULL,
  `student_id` int NOT NULL,
  `room_id` int NOT NULL,
  `category` enum('Plumbing','Electrical','Carpentry','Furniture','Room Request','Other') NOT NULL,
  `description` text NOT NULL,
  `priority` enum('Low','Medium','High') DEFAULT 'Medium',
  `status` enum('open','inprog','resolved') DEFAULT 'open',
  `assigned_to` int DEFAULT NULL,
  `created_at` timestamp NULL DEFAULT CURRENT_TIMESTAMP,
  `updated_at` timestamp NULL DEFAULT CURRENT_TIMESTAMP ON UPDATE CURRENT_TIMESTAMP,
  PRIMARY KEY (`id`),
  UNIQUE KEY `ticket_id` (`ticket_id`),
  KEY `student_id` (`student_id`),
  KEY `room_id` (`room_id`),
  KEY `assigned_to` (`assigned_to`),
  CONSTRAINT `complaints_ibfk_1` FOREIGN KEY (`student_id`) REFERENCES `users` (`id`) ON DELETE CASCADE,
  CONSTRAINT `complaints_ibfk_2` FOREIGN KEY (`room_id`) REFERENCES `rooms` (`id`) ON DELETE CASCADE,
  CONSTRAINT `complaints_ibfk_3` FOREIGN KEY (`assigned_to`) REFERENCES `users` (`id`) ON DELETE SET NULL
) ENGINE=InnoDB AUTO_INCREMENT=26 DEFAULT CHARSET=utf8mb4 COLLATE=utf8mb4_0900_ai_ci;
/*!40101 SET character_set_client = @saved_cs_client */;

--
-- Dumping data for table `complaints`
--

LOCK TABLES `complaints` WRITE;
/*!40000 ALTER TABLE `complaints` DISABLE KEYS */;
INSERT INTO `complaints` VALUES (6,'TKT-006',9,8,'Plumbing','Bathroom drain blocked','High','open',NULL,'2026-04-18 08:59:20','2026-04-18 08:59:20'),(7,'TKT-007',10,10,'Electrical','Room light flickering','Medium','inprog',NULL,'2026-04-18 08:59:20','2026-04-18 08:59:20'),(8,'TKT-008',11,11,'Carpentry','Door hinge broken','Low','resolved',NULL,'2026-04-18 08:59:20','2026-04-18 08:59:20'),(9,'TKT-009',12,13,'Plumbing','Hot water not available','High','open',NULL,'2026-04-18 08:59:20','2026-04-18 08:59:20'),(10,'TKT-010',13,15,'Electrical','Fan making loud noise','Medium','inprog',NULL,'2026-04-18 08:59:20','2026-04-18 08:59:20'),(11,'TKT-011',14,16,'Furniture','Chair leg broken','Low','open',NULL,'2026-04-18 08:59:20','2026-04-18 08:59:20'),(12,'TKT-012',15,17,'Other','Room needs deep cleaning','Medium','resolved',NULL,'2026-04-18 08:59:20','2026-04-18 08:59:20'),(13,'TKT-013',16,19,'Plumbing','Tap leaking near sink','High','open',NULL,'2026-04-18 08:59:20','2026-04-18 08:59:20'),(14,'TKT-014',17,20,'Electrical','Power socket not working','Medium','inprog',NULL,'2026-04-18 08:59:20','2026-04-18 08:59:20'),(15,'TKT-015',18,22,'Carpentry','Window not closing properly','Low','open',NULL,'2026-04-18 08:59:20','2026-04-18 08:59:20'),(16,'TKT-016',14,31,'Plumbing','shower not working in 2nd floor\n','High','resolved',NULL,'2026-04-19 14:39:32','2026-04-19 14:40:23');
/*!40000 ALTER TABLE `complaints` ENABLE KEYS */;
UNLOCK TABLES;

--
-- Table structure for table `notices`
--

DROP TABLE IF EXISTS `notices`;
/*!40101 SET @saved_cs_client     = @@character_set_client */;
/*!50503 SET character_set_client = utf8mb4 */;
CREATE TABLE `notices` (
  `id` int NOT NULL AUTO_INCREMENT,
  `title` varchar(255) NOT NULL,
  `message` text NOT NULL,
  `type` enum('general','admin','maintenance') DEFAULT 'general',
  `posted_by` int NOT NULL,
  `created_at` timestamp NULL DEFAULT CURRENT_TIMESTAMP,
  PRIMARY KEY (`id`),
  KEY `posted_by` (`posted_by`),
  CONSTRAINT `notices_ibfk_1` FOREIGN KEY (`posted_by`) REFERENCES `users` (`id`) ON DELETE CASCADE
) ENGINE=InnoDB AUTO_INCREMENT=10 DEFAULT CHARSET=utf8mb4 COLLATE=utf8mb4_0900_ai_ci;
/*!40101 SET character_set_client = @saved_cs_client */;

--
-- Dumping data for table `notices`
--

LOCK TABLES `notices` WRITE;
/*!40000 ALTER TABLE `notices` DISABLE KEYS */;
INSERT INTO `notices` VALUES (1,'Hostel fee deadline extended to 15 Apr','All students must pay hostel fees by April 15th to avoid late fee penalty.','admin',1,'2026-04-18 08:59:20'),(2,'Water supply disruption in Block B','Water will be unavailable in Block B from 6 AM to 8 AM on April 6th.','maintenance',1,'2026-04-18 08:59:20'),(3,'Common room timings revised','Common room is now open from 7 AM to 11 PM daily.','general',1,'2026-04-18 08:59:20'),(4,'Annual hostel inspection on 20 Apr','All students must ensure rooms are clean and tidy for inspection.','admin',1,'2026-04-18 08:59:20'),(5,'Generator maintenance this Sunday','Power backup unavailable from 10 AM to 12 PM this Sunday.','maintenance',1,'2026-04-18 08:59:20'),(6,'New laundry timings from April 10','Laundry room open 6 AM to 9 PM daily.','general',1,'2026-04-18 08:59:20'),(7,'Sports day registration open','Register for hostel sports day by April 25th at warden office.','general',1,'2026-04-18 08:59:20'),(8,'Strict gate timings from May','Gate will close at 10 PM sharp starting May 1st.','admin',1,'2026-04-18 08:59:20'),(9,'water dissruption','soon will be fixed\n','maintenance',4,'2026-04-19 08:10:35');
/*!40000 ALTER TABLE `notices` ENABLE KEYS */;
UNLOCK TABLES;

--
-- Table structure for table `room_allocations`
--

DROP TABLE IF EXISTS `room_allocations`;
/*!40101 SET @saved_cs_client     = @@character_set_client */;
/*!50503 SET character_set_client = utf8mb4 */;
CREATE TABLE `room_allocations` (
  `id` int NOT NULL AUTO_INCREMENT,
  `student_id` int NOT NULL,
  `room_id` int NOT NULL,
  `allocated_by` int NOT NULL,
  `allocated_at` timestamp NULL DEFAULT CURRENT_TIMESTAMP,
  `vacated_at` timestamp NULL DEFAULT NULL,
  `is_active` tinyint(1) DEFAULT '1',
  PRIMARY KEY (`id`),
  KEY `student_id` (`student_id`),
  KEY `room_id` (`room_id`),
  KEY `allocated_by` (`allocated_by`),
  CONSTRAINT `room_allocations_ibfk_1` FOREIGN KEY (`student_id`) REFERENCES `users` (`id`) ON DELETE CASCADE,
  CONSTRAINT `room_allocations_ibfk_2` FOREIGN KEY (`room_id`) REFERENCES `rooms` (`id`) ON DELETE CASCADE,
  CONSTRAINT `room_allocations_ibfk_3` FOREIGN KEY (`allocated_by`) REFERENCES `users` (`id`) ON DELETE CASCADE
) ENGINE=InnoDB AUTO_INCREMENT=59 DEFAULT CHARSET=utf8mb4 COLLATE=utf8mb4_0900_ai_ci;
/*!40101 SET character_set_client = @saved_cs_client */;

--
-- Dumping data for table `room_allocations`
--

LOCK TABLES `room_allocations` WRITE;
/*!40000 ALTER TABLE `room_allocations` DISABLE KEYS */;
INSERT INTO `room_allocations` VALUES (1,15,8,4,'2026-04-18 20:35:06',NULL,1),(2,16,9,4,'2026-04-18 20:35:12',NULL,1),(3,18,18,4,'2026-04-18 20:35:16',NULL,1),(4,17,23,4,'2026-04-18 20:35:20',NULL,1),(5,14,31,4,'2026-04-18 20:36:15',NULL,1),(6,19,14,4,'2026-04-18 20:36:20',NULL,1),(7,22,38,4,'2026-04-18 20:36:23',NULL,1),(8,21,43,4,'2026-04-18 20:36:27',NULL,1),(9,24,49,4,'2026-04-18 20:36:30',NULL,1),(10,20,68,4,'2026-04-18 20:36:34',NULL,1),(11,25,63,2,'2026-04-18 20:37:33',NULL,1),(12,28,153,2,'2026-04-18 20:37:39',NULL,1),(13,27,79,2,'2026-04-18 20:37:45',NULL,1),(14,23,2,1,'2026-04-19 07:39:06',NULL,1),(15,31,3,1,'2026-04-19 07:39:09',NULL,1),(16,36,6,1,'2026-04-19 07:39:12',NULL,1),(17,30,4,1,'2026-04-19 07:39:15',NULL,1),(18,38,10,1,'2026-04-19 07:39:19',NULL,1),(19,39,7,1,'2026-04-19 07:39:22',NULL,1),(20,32,19,1,'2026-04-19 07:39:26',NULL,1),(21,34,12,1,'2026-04-19 07:39:31',NULL,1),(22,45,24,1,'2026-04-19 07:39:35',NULL,1),(23,47,16,1,'2026-04-19 07:39:40',NULL,1),(24,54,20,1,'2026-04-19 07:39:46',NULL,1),(25,41,13,4,'2026-04-19 07:49:35',NULL,1),(26,29,15,4,'2026-04-19 08:10:48',NULL,1),(27,33,1,13,'2026-04-19 08:34:19','2026-04-22 12:51:07',0),(28,42,21,13,'2026-04-19 08:34:25',NULL,1),(29,26,5,13,'2026-04-19 08:34:29',NULL,1),(30,35,11,13,'2026-04-19 08:34:34',NULL,1),(31,46,27,1,'2026-04-19 14:23:09',NULL,1),(32,40,22,1,'2026-04-19 14:23:17',NULL,1),(33,48,207,1,'2026-04-19 14:23:30',NULL,1),(34,50,208,1,'2026-04-19 14:23:53',NULL,1),(35,53,50,1,'2026-04-19 14:24:00',NULL,1),(36,52,35,1,'2026-04-19 14:24:06',NULL,1),(37,51,34,1,'2026-04-19 14:24:13',NULL,1),(38,37,17,4,'2026-04-19 14:40:34',NULL,1),(39,102,26,4,'2026-04-19 15:07:04',NULL,1),(40,135,203,4,'2026-04-19 18:26:32','2026-04-20 13:43:52',0),(41,43,25,4,'2026-04-19 18:26:38',NULL,1),(42,44,25,4,'2026-04-19 18:26:44',NULL,1),(43,49,28,4,'2026-04-19 18:26:48',NULL,1),(44,56,28,4,'2026-04-19 18:26:53',NULL,1),(45,62,52,1,'2026-04-19 18:31:08',NULL,1),(46,146,42,10,'2026-04-20 13:43:46',NULL,1),(47,135,42,10,'2026-04-20 13:43:52',NULL,1),(48,64,107,4,'2026-04-20 16:50:58',NULL,1),(49,74,107,4,'2026-04-20 16:51:34',NULL,1),(50,157,39,4,'2026-04-21 09:31:01','2026-04-21 09:31:02',0),(51,157,39,4,'2026-04-21 09:31:02',NULL,1),(52,68,36,2,'2026-04-21 09:34:44',NULL,1),(53,72,32,2,'2026-04-21 09:34:48',NULL,1),(54,65,163,2,'2026-04-21 09:34:54',NULL,1),(55,66,52,2,'2026-04-21 09:35:02',NULL,1),(56,140,40,4,'2026-04-21 09:38:58',NULL,1),(57,60,44,4,'2026-04-21 09:39:34','2026-04-22 12:51:02',0),(58,353,41,4,'2026-04-21 09:47:21',NULL,1);
/*!40000 ALTER TABLE `room_allocations` ENABLE KEYS */;
UNLOCK TABLES;

--
-- Table structure for table `rooms`
--

DROP TABLE IF EXISTS `rooms`;
/*!40101 SET @saved_cs_client     = @@character_set_client */;
/*!50503 SET character_set_client = utf8mb4 */;
CREATE TABLE `rooms` (
  `id` int NOT NULL AUTO_INCREMENT,
  `room_number` varchar(10) NOT NULL,
  `block` varchar(5) NOT NULL,
  `floor` int NOT NULL,
  `type` enum('Single','Double','Triple') NOT NULL,
  `status` enum('available','occupied','maintenance') DEFAULT 'available',
  `created_at` timestamp NULL DEFAULT CURRENT_TIMESTAMP,
  PRIMARY KEY (`id`),
  UNIQUE KEY `room_number` (`room_number`)
) ENGINE=InnoDB AUTO_INCREMENT=226 DEFAULT CHARSET=utf8mb4 COLLATE=utf8mb4_0900_ai_ci;
/*!40101 SET character_set_client = @saved_cs_client */;

--
-- Dumping data for table `rooms`
--

LOCK TABLES `rooms` WRITE;
/*!40000 ALTER TABLE `rooms` DISABLE KEYS */;
INSERT INTO `rooms` VALUES (1,'A-101','A',1,'Double','available','2026-04-18 08:59:20'),(2,'A-102','A',1,'Double','occupied','2026-04-18 08:59:20'),(3,'A-103','A',1,'Double','occupied','2026-04-18 08:59:20'),(4,'A-104','A',1,'Double','occupied','2026-04-18 08:59:20'),(5,'A-105','A',1,'Double','occupied','2026-04-18 08:59:20'),(6,'A-106','A',1,'Double','occupied','2026-04-18 08:59:20'),(7,'A-107','A',1,'Double','occupied','2026-04-18 08:59:20'),(8,'A-108','A',1,'Double','occupied','2026-04-18 08:59:20'),(9,'A-109','A',1,'Double','occupied','2026-04-18 08:59:20'),(10,'A-110','A',1,'Double','occupied','2026-04-18 08:59:20'),(11,'A-111','A',1,'Double','occupied','2026-04-18 08:59:20'),(12,'A-112','A',1,'Double','occupied','2026-04-18 08:59:20'),(13,'A-113','A',1,'Double','occupied','2026-04-18 08:59:20'),(14,'A-114','A',1,'Double','occupied','2026-04-18 08:59:20'),(15,'A-115','A',1,'Double','occupied','2026-04-18 08:59:20'),(16,'A-116','A',1,'Double','occupied','2026-04-18 08:59:20'),(17,'A-117','A',1,'Double','occupied','2026-04-18 08:59:20'),(18,'A-118','A',1,'Double','occupied','2026-04-18 08:59:20'),(19,'A-119','A',1,'Double','occupied','2026-04-18 08:59:20'),(20,'A-120','A',1,'Double','occupied','2026-04-18 08:59:20'),(21,'A-121','A',1,'Double','occupied','2026-04-18 08:59:20'),(22,'A-122','A',1,'Double','occupied','2026-04-18 08:59:20'),(23,'A-123','A',1,'Double','occupied','2026-04-18 08:59:20'),(24,'A-124','A',1,'Double','occupied','2026-04-18 08:59:20'),(25,'A-125','A',1,'Double','occupied','2026-04-18 08:59:20'),(26,'A-201','A',2,'Double','occupied','2026-04-18 08:59:20'),(27,'A-202','A',2,'Double','occupied','2026-04-18 08:59:20'),(28,'A-203','A',2,'Double','occupied','2026-04-18 08:59:20'),(29,'A-204','A',2,'Double','available','2026-04-18 08:59:20'),(30,'A-205','A',2,'Double','available','2026-04-18 08:59:20'),(31,'A-206','A',2,'Double','occupied','2026-04-18 08:59:20'),(32,'A-207','A',2,'Double','occupied','2026-04-18 08:59:20'),(33,'A-208','A',2,'Double','available','2026-04-18 08:59:20'),(34,'A-209','A',2,'Double','occupied','2026-04-18 08:59:20'),(35,'A-210','A',2,'Double','occupied','2026-04-18 08:59:20'),(36,'A-211','A',2,'Double','occupied','2026-04-18 08:59:20'),(37,'A-212','A',2,'Double','available','2026-04-18 08:59:20'),(38,'A-213','A',2,'Double','occupied','2026-04-18 08:59:20'),(39,'A-214','A',2,'Double','occupied','2026-04-18 08:59:20'),(40,'A-215','A',2,'Double','occupied','2026-04-18 08:59:20'),(41,'A-216','A',2,'Double','occupied','2026-04-18 08:59:20'),(42,'A-217','A',2,'Double','occupied','2026-04-18 08:59:20'),(43,'A-218','A',2,'Double','occupied','2026-04-18 08:59:20'),(44,'A-219','A',2,'Double','available','2026-04-18 08:59:20'),(45,'A-220','A',2,'Double','available','2026-04-18 08:59:20'),(46,'A-221','A',2,'Double','available','2026-04-18 08:59:20'),(47,'A-222','A',2,'Double','available','2026-04-18 08:59:20'),(48,'A-223','A',2,'Double','available','2026-04-18 08:59:20'),(49,'A-224','A',2,'Double','occupied','2026-04-18 08:59:20'),(50,'A-225','A',2,'Double','occupied','2026-04-18 08:59:20'),(51,'A-301','A',3,'Double','available','2026-04-18 08:59:20'),(52,'A-302','A',3,'Double','occupied','2026-04-18 08:59:20'),(53,'A-303','A',3,'Double','available','2026-04-18 08:59:20'),(54,'A-304','A',3,'Double','available','2026-04-18 08:59:20'),(55,'A-305','A',3,'Double','available','2026-04-18 08:59:20'),(56,'A-306','A',3,'Double','available','2026-04-18 08:59:20'),(57,'A-307','A',3,'Double','available','2026-04-18 08:59:20'),(58,'A-308','A',3,'Double','available','2026-04-18 08:59:20'),(59,'A-309','A',3,'Double','available','2026-04-18 08:59:20'),(60,'A-310','A',3,'Double','available','2026-04-18 08:59:20'),(61,'A-311','A',3,'Double','available','2026-04-18 08:59:20'),(62,'A-312','A',3,'Double','available','2026-04-18 08:59:20'),(63,'A-313','A',3,'Double','occupied','2026-04-18 08:59:20'),(64,'A-314','A',3,'Double','available','2026-04-18 08:59:20'),(65,'A-315','A',3,'Double','available','2026-04-18 08:59:20'),(66,'A-316','A',3,'Double','available','2026-04-18 08:59:20'),(67,'A-317','A',3,'Double','available','2026-04-18 08:59:20'),(68,'A-318','A',3,'Double','occupied','2026-04-18 08:59:20'),(69,'A-319','A',3,'Double','available','2026-04-18 08:59:20'),(70,'A-320','A',3,'Double','available','2026-04-18 08:59:20'),(71,'A-321','A',3,'Double','available','2026-04-18 08:59:20'),(72,'A-322','A',3,'Double','available','2026-04-18 08:59:20'),(73,'A-323','A',3,'Double','available','2026-04-18 08:59:20'),(74,'A-324','A',3,'Double','available','2026-04-18 08:59:20'),(75,'A-325','A',3,'Double','available','2026-04-18 08:59:20'),(76,'B-101','B',1,'Double','available','2026-04-18 08:59:20'),(77,'B-102','B',1,'Double','available','2026-04-18 08:59:20'),(78,'B-103','B',1,'Double','available','2026-04-18 08:59:20'),(79,'B-104','B',1,'Double','occupied','2026-04-18 08:59:20'),(80,'B-105','B',1,'Double','available','2026-04-18 08:59:20'),(81,'B-106','B',1,'Double','available','2026-04-18 08:59:20'),(82,'B-107','B',1,'Double','available','2026-04-18 08:59:20'),(83,'B-108','B',1,'Double','available','2026-04-18 08:59:20'),(84,'B-109','B',1,'Double','available','2026-04-18 08:59:20'),(85,'B-110','B',1,'Double','available','2026-04-18 08:59:20'),(86,'B-111','B',1,'Double','available','2026-04-18 08:59:20'),(87,'B-112','B',1,'Double','available','2026-04-18 08:59:20'),(88,'B-113','B',1,'Double','available','2026-04-18 08:59:20'),(89,'B-114','B',1,'Double','available','2026-04-18 08:59:20'),(90,'B-115','B',1,'Double','available','2026-04-18 08:59:20'),(91,'B-116','B',1,'Double','available','2026-04-18 08:59:20'),(92,'B-117','B',1,'Double','available','2026-04-18 08:59:20'),(93,'B-118','B',1,'Double','available','2026-04-18 08:59:20'),(94,'B-119','B',1,'Double','available','2026-04-18 08:59:20'),(95,'B-120','B',1,'Double','available','2026-04-18 08:59:20'),(96,'B-121','B',1,'Double','available','2026-04-18 08:59:20'),(97,'B-122','B',1,'Double','available','2026-04-18 08:59:20'),(98,'B-123','B',1,'Double','available','2026-04-18 08:59:20'),(99,'B-124','B',1,'Double','available','2026-04-18 08:59:20'),(100,'B-125','B',1,'Double','available','2026-04-18 08:59:20'),(101,'B-201','B',2,'Double','available','2026-04-18 08:59:20'),(102,'B-202','B',2,'Double','available','2026-04-18 08:59:20'),(103,'B-203','B',2,'Double','available','2026-04-18 08:59:20'),(104,'B-204','B',2,'Double','available','2026-04-18 08:59:20'),(105,'B-205','B',2,'Double','available','2026-04-18 08:59:20'),(106,'B-206','B',2,'Double','available','2026-04-18 08:59:20'),(107,'B-207','B',2,'Double','occupied','2026-04-18 08:59:20'),(108,'B-208','B',2,'Double','available','2026-04-18 08:59:20'),(109,'B-209','B',2,'Double','available','2026-04-18 08:59:20'),(110,'B-210','B',2,'Double','available','2026-04-18 08:59:20'),(111,'B-211','B',2,'Double','available','2026-04-18 08:59:20'),(112,'B-212','B',2,'Double','available','2026-04-18 08:59:20'),(113,'B-213','B',2,'Double','available','2026-04-18 08:59:20'),(114,'B-214','B',2,'Double','available','2026-04-18 08:59:20'),(115,'B-215','B',2,'Double','available','2026-04-18 08:59:20'),(116,'B-216','B',2,'Double','available','2026-04-18 08:59:20'),(117,'B-217','B',2,'Double','available','2026-04-18 08:59:20'),(118,'B-218','B',2,'Double','available','2026-04-18 08:59:20'),(119,'B-219','B',2,'Double','available','2026-04-18 08:59:20'),(120,'B-220','B',2,'Double','available','2026-04-18 08:59:20'),(121,'B-221','B',2,'Double','available','2026-04-18 08:59:20'),(122,'B-222','B',2,'Double','available','2026-04-18 08:59:20'),(123,'B-223','B',2,'Double','available','2026-04-18 08:59:20'),(124,'B-224','B',2,'Double','available','2026-04-18 08:59:20'),(125,'B-225','B',2,'Double','available','2026-04-18 08:59:20'),(126,'B-301','B',3,'Double','available','2026-04-18 08:59:20'),(127,'B-302','B',3,'Double','available','2026-04-18 08:59:20'),(128,'B-303','B',3,'Double','available','2026-04-18 08:59:20'),(129,'B-304','B',3,'Double','available','2026-04-18 08:59:20'),(130,'B-305','B',3,'Double','available','2026-04-18 08:59:20'),(131,'B-306','B',3,'Double','available','2026-04-18 08:59:20'),(132,'B-307','B',3,'Double','available','2026-04-18 08:59:20'),(133,'B-308','B',3,'Double','available','2026-04-18 08:59:20'),(134,'B-309','B',3,'Double','available','2026-04-18 08:59:20'),(135,'B-310','B',3,'Double','available','2026-04-18 08:59:20'),(136,'B-311','B',3,'Double','available','2026-04-18 08:59:20'),(137,'B-312','B',3,'Double','available','2026-04-18 08:59:20'),(138,'B-313','B',3,'Double','available','2026-04-18 08:59:20'),(139,'B-314','B',3,'Double','available','2026-04-18 08:59:20'),(140,'B-315','B',3,'Double','available','2026-04-18 08:59:20'),(141,'B-316','B',3,'Double','available','2026-04-18 08:59:20'),(142,'B-317','B',3,'Double','available','2026-04-18 08:59:20'),(143,'B-318','B',3,'Double','available','2026-04-18 08:59:20'),(144,'B-319','B',3,'Double','available','2026-04-18 08:59:20'),(145,'B-320','B',3,'Double','available','2026-04-18 08:59:20'),(146,'B-321','B',3,'Double','available','2026-04-18 08:59:20'),(147,'B-322','B',3,'Double','available','2026-04-18 08:59:20'),(148,'B-323','B',3,'Double','available','2026-04-18 08:59:20'),(149,'B-324','B',3,'Double','available','2026-04-18 08:59:20'),(150,'B-325','B',3,'Double','available','2026-04-18 08:59:20'),(151,'C-101','C',1,'Double','available','2026-04-18 08:59:20'),(152,'C-102','C',1,'Double','available','2026-04-18 08:59:20'),(153,'C-103','C',1,'Double','occupied','2026-04-18 08:59:20'),(154,'C-104','C',1,'Double','available','2026-04-18 08:59:20'),(155,'C-105','C',1,'Double','available','2026-04-18 08:59:20'),(156,'C-106','C',1,'Double','available','2026-04-18 08:59:20'),(157,'C-107','C',1,'Double','available','2026-04-18 08:59:20'),(158,'C-108','C',1,'Double','available','2026-04-18 08:59:20'),(159,'C-109','C',1,'Double','available','2026-04-18 08:59:20'),(160,'C-110','C',1,'Double','available','2026-04-18 08:59:20'),(161,'C-111','C',1,'Double','available','2026-04-18 08:59:20'),(162,'C-112','C',1,'Double','available','2026-04-18 08:59:20'),(163,'C-113','C',1,'Double','occupied','2026-04-18 08:59:20'),(164,'C-114','C',1,'Double','available','2026-04-18 08:59:20'),(165,'C-115','C',1,'Double','available','2026-04-18 08:59:20'),(166,'C-116','C',1,'Double','available','2026-04-18 08:59:20'),(167,'C-117','C',1,'Double','available','2026-04-18 08:59:20'),(168,'C-118','C',1,'Double','available','2026-04-18 08:59:20'),(169,'C-119','C',1,'Double','available','2026-04-18 08:59:20'),(170,'C-120','C',1,'Double','available','2026-04-18 08:59:20'),(171,'C-121','C',1,'Double','available','2026-04-18 08:59:20'),(172,'C-122','C',1,'Double','available','2026-04-18 08:59:20'),(173,'C-123','C',1,'Double','available','2026-04-18 08:59:20'),(174,'C-124','C',1,'Double','available','2026-04-18 08:59:20'),(175,'C-125','C',1,'Double','available','2026-04-18 08:59:20'),(176,'C-201','C',2,'Double','available','2026-04-18 08:59:20'),(177,'C-202','C',2,'Double','available','2026-04-18 08:59:20'),(178,'C-203','C',2,'Double','available','2026-04-18 08:59:20'),(179,'C-204','C',2,'Double','available','2026-04-18 08:59:20'),(180,'C-205','C',2,'Double','available','2026-04-18 08:59:20'),(181,'C-206','C',2,'Double','available','2026-04-18 08:59:20'),(182,'C-207','C',2,'Double','available','2026-04-18 08:59:20'),(183,'C-208','C',2,'Double','available','2026-04-18 08:59:20'),(184,'C-209','C',2,'Double','available','2026-04-18 08:59:20'),(185,'C-210','C',2,'Double','available','2026-04-18 08:59:20'),(186,'C-211','C',2,'Double','available','2026-04-18 08:59:20'),(187,'C-212','C',2,'Double','available','2026-04-18 08:59:20'),(188,'C-213','C',2,'Double','available','2026-04-18 08:59:20'),(189,'C-214','C',2,'Double','available','2026-04-18 08:59:20'),(190,'C-215','C',2,'Double','available','2026-04-18 08:59:20'),(191,'C-216','C',2,'Double','available','2026-04-18 08:59:20'),(192,'C-217','C',2,'Double','available','2026-04-18 08:59:20'),(193,'C-218','C',2,'Double','available','2026-04-18 08:59:20'),(194,'C-219','C',2,'Double','available','2026-04-18 08:59:20'),(195,'C-220','C',2,'Double','available','2026-04-18 08:59:20'),(196,'C-221','C',2,'Double','available','2026-04-18 08:59:20'),(197,'C-222','C',2,'Double','available','2026-04-18 08:59:20'),(198,'C-223','C',2,'Double','available','2026-04-18 08:59:20'),(199,'C-224','C',2,'Double','available','2026-04-18 08:59:20'),(200,'C-225','C',2,'Double','available','2026-04-18 08:59:20'),(201,'C-301','C',3,'Double','available','2026-04-18 08:59:20'),(202,'C-302','C',3,'Double','available','2026-04-18 08:59:20'),(203,'C-303','C',3,'Double','available','2026-04-18 08:59:20'),(204,'C-304','C',3,'Double','available','2026-04-18 08:59:20'),(205,'C-305','C',3,'Double','available','2026-04-18 08:59:20'),(206,'C-306','C',3,'Double','available','2026-04-18 08:59:20'),(207,'C-307','C',3,'Double','occupied','2026-04-18 08:59:20'),(208,'C-308','C',3,'Double','occupied','2026-04-18 08:59:20'),(209,'C-309','C',3,'Double','available','2026-04-18 08:59:20'),(210,'C-310','C',3,'Double','available','2026-04-18 08:59:20'),(211,'C-311','C',3,'Double','available','2026-04-18 08:59:20'),(212,'C-312','C',3,'Double','available','2026-04-18 08:59:20'),(213,'C-313','C',3,'Double','available','2026-04-18 08:59:20'),(214,'C-314','C',3,'Double','available','2026-04-18 08:59:20'),(215,'C-315','C',3,'Double','available','2026-04-18 08:59:20'),(216,'C-316','C',3,'Double','available','2026-04-18 08:59:20'),(217,'C-317','C',3,'Double','available','2026-04-18 08:59:20'),(218,'C-318','C',3,'Double','available','2026-04-18 08:59:20'),(219,'C-319','C',3,'Double','available','2026-04-18 08:59:20'),(220,'C-320','C',3,'Double','available','2026-04-18 08:59:20'),(221,'C-321','C',3,'Double','available','2026-04-18 08:59:20'),(222,'C-322','C',3,'Double','available','2026-04-18 08:59:20'),(223,'C-323','C',3,'Double','available','2026-04-18 08:59:20'),(224,'C-324','C',3,'Double','available','2026-04-18 08:59:20'),(225,'C-325','C',3,'Double','available','2026-04-18 08:59:20');
/*!40000 ALTER TABLE `rooms` ENABLE KEYS */;
UNLOCK TABLES;

--
-- Table structure for table `users`
--

DROP TABLE IF EXISTS `users`;
/*!40101 SET @saved_cs_client     = @@character_set_client */;
/*!50503 SET character_set_client = utf8mb4 */;
CREATE TABLE `users` (
  `id` int NOT NULL AUTO_INCREMENT,
  `user_id` varchar(20) NOT NULL,
  `name` varchar(100) NOT NULL,
  `email` varchar(100) NOT NULL,
  `password` varchar(255) NOT NULL,
  `role` enum('student','warden','admin') NOT NULL,
  `status` enum('active','inactive') DEFAULT 'active',
  `created_at` timestamp NULL DEFAULT CURRENT_TIMESTAMP,
  PRIMARY KEY (`id`),
  UNIQUE KEY `user_id` (`user_id`),
  UNIQUE KEY `email` (`email`)
) ENGINE=InnoDB AUTO_INCREMENT=527 DEFAULT CHARSET=utf8mb4 COLLATE=utf8mb4_0900_ai_ci;
/*!40101 SET character_set_client = @saved_cs_client */;

--
-- Dumping data for table `users`
--

LOCK TABLES `users` WRITE;
/*!40000 ALTER TABLE `users` DISABLE KEYS */;
INSERT INTO `users` VALUES (1,'AD001','Suresh Nair','admin1@hms.edu','$2b$10$td2Z2fboBeSSy/73z9NXneiur2I75jVNgL1tSnxpdHnl1CY3Q3ska','admin','active','2026-04-18 08:54:25'),(2,'AD002','Pradeep Sharma','admin2@hms.edu','$2b$10$td2Z2fboBeSSy/73z9NXneiur2I75jVNgL1tSnxpdHnl1CY3Q3ska','admin','active','2026-04-18 08:54:25'),(3,'AD003','Lakshmi Devi','admin3@hms.edu','$2b$10$td2Z2fboBeSSy/73z9NXneiur2I75jVNgL1tSnxpdHnl1CY3Q3ska','admin','active','2026-04-18 08:54:25'),(4,'WD001','Dr. Meena Rao','warden1@hms.edu','$2b$10$td2Z2fboBeSSy/73z9NXneiur2I75jVNgL1tSnxpdHnl1CY3Q3ska','warden','active','2026-04-18 08:54:26'),(5,'WD002','Mr. Rajesh Kumar','warden2@hms.edu','$2b$10$td2Z2fboBeSSy/73z9NXneiur2I75jVNgL1tSnxpdHnl1CY3Q3ska','warden','active','2026-04-18 08:54:26'),(6,'WD003','Ms. Kavitha Pillai','warden3@hms.edu','$2b$10$td2Z2fboBeSSy/73z9NXneiur2I75jVNgL1tSnxpdHnl1CY3Q3ska','warden','active','2026-04-18 08:54:26'),(7,'WD004','Mr. Anil Menon','warden4@hms.edu','$2b$10$td2Z2fboBeSSy/73z9NXneiur2I75jVNgL1tSnxpdHnl1CY3Q3ska','warden','active','2026-04-18 08:54:26'),(8,'WD005','Ms. Sujatha Rao','warden5@hms.edu','$2b$10$td2Z2fboBeSSy/73z9NXneiur2I75jVNgL1tSnxpdHnl1CY3Q3ska','warden','active','2026-04-18 08:54:26'),(9,'WD006','Mr. Ramesh Babu','warden6@hms.edu','$2b$10$td2Z2fboBeSSy/73z9NXneiur2I75jVNgL1tSnxpdHnl1CY3Q3ska','warden','active','2026-04-18 08:54:26'),(10,'WD007','Ms. Padma Latha','warden7@hms.edu','$2b$10$td2Z2fboBeSSy/73z9NXneiur2I75jVNgL1tSnxpdHnl1CY3Q3ska','warden','active','2026-04-18 08:54:26'),(11,'WD008','Mr. Venkat Reddy','warden8@hms.edu','$2b$10$td2Z2fboBeSSy/73z9NXneiur2I75jVNgL1tSnxpdHnl1CY3Q3ska','warden','active','2026-04-18 08:54:26'),(12,'WD009','Ms. Geetha Krishnan','warden9@hms.edu','$2b$10$td2Z2fboBeSSy/73z9NXneiur2I75jVNgL1tSnxpdHnl1CY3Q3ska','warden','active','2026-04-18 08:54:26'),(13,'WD010','Mr. Suresh Babu','warden10@hms.edu','$2b$10$td2Z2fboBeSSy/73z9NXneiur2I75jVNgL1tSnxpdHnl1CY3Q3ska','warden','active','2026-04-18 08:54:26'),(14,'HS2024001','Ravi Kumar','ravi@hms.edu','$2b$10$td2Z2fboBeSSy/73z9NXneiur2I75jVNgL1tSnxpdHnl1CY3Q3ska','student','active','2026-04-18 08:54:26'),(15,'HS2024002','Arjun Mehta','arjun@hms.edu','$2b$10$td2Z2fboBeSSy/73z9NXneiur2I75jVNgL1tSnxpdHnl1CY3Q3ska','student','active','2026-04-18 08:54:26'),(16,'HS2024003','Priya Nair','priya@hms.edu','$2b$10$td2Z2fboBeSSy/73z9NXneiur2I75jVNgL1tSnxpdHnl1CY3Q3ska','student','active','2026-04-18 08:54:26'),(17,'HS2024004','Kiran Patel','kiran@hms.edu','$2b$10$td2Z2fboBeSSy/73z9NXneiur2I75jVNgL1tSnxpdHnl1CY3Q3ska','student','active','2026-04-18 08:54:26'),(18,'HS2024005','Anjali Rao','anjali@hms.edu','$2b$10$td2Z2fboBeSSy/73z9NXneiur2I75jVNgL1tSnxpdHnl1CY3Q3ska','student','active','2026-04-18 08:54:26'),(19,'HS2024006','Rohit Sharma','rohit@hms.edu','$2b$10$td2Z2fboBeSSy/73z9NXneiur2I75jVNgL1tSnxpdHnl1CY3Q3ska','student','active','2026-04-18 08:54:26'),(20,'HS2024007','Sneha Reddy','sneha@hms.edu','$2b$10$td2Z2fboBeSSy/73z9NXneiur2I75jVNgL1tSnxpdHnl1CY3Q3ska','student','active','2026-04-18 08:54:26'),(21,'HS2024008','Vikram Singh','vikram@hms.edu','$2b$10$td2Z2fboBeSSy/73z9NXneiur2I75jVNgL1tSnxpdHnl1CY3Q3ska','student','active','2026-04-18 08:54:26'),(22,'HS2024009','Meghna Das','meghna@hms.edu','$2b$10$td2Z2fboBeSSy/73z9NXneiur2I75jVNgL1tSnxpdHnl1CY3Q3ska','student','active','2026-04-18 08:54:26'),(23,'HS2024010','Aditya Kumar','aditya@hms.edu','$2b$10$td2Z2fboBeSSy/73z9NXneiur2I75jVNgL1tSnxpdHnl1CY3Q3ska','student','active','2026-04-18 08:54:26'),(24,'HS2024011','Pooja Iyer','pooja@hms.edu','$2b$10$td2Z2fboBeSSy/73z9NXneiur2I75jVNgL1tSnxpdHnl1CY3Q3ska','student','active','2026-04-18 08:54:26'),(25,'HS2024012','Rahul Nair','rahul@hms.edu','$2b$10$td2Z2fboBeSSy/73z9NXneiur2I75jVNgL1tSnxpdHnl1CY3Q3ska','student','active','2026-04-18 08:54:26'),(26,'HS2024013','Divya Menon','divya@hms.edu','$2b$10$td2Z2fboBeSSy/73z9NXneiur2I75jVNgL1tSnxpdHnl1CY3Q3ska','student','active','2026-04-18 08:54:26'),(27,'HS2024014','Aryan Gupta','aryan@hms.edu','$2b$10$td2Z2fboBeSSy/73z9NXneiur2I75jVNgL1tSnxpdHnl1CY3Q3ska','student','active','2026-04-18 08:54:26'),(28,'HS2024015','Nisha Verma','nisha@hms.edu','$2b$10$td2Z2fboBeSSy/73z9NXneiur2I75jVNgL1tSnxpdHnl1CY3Q3ska','student','active','2026-04-18 08:54:26'),(29,'HS2024016','Siddharth Joshi','sid@hms.edu','$2b$10$td2Z2fboBeSSy/73z9NXneiur2I75jVNgL1tSnxpdHnl1CY3Q3ska','student','active','2026-04-18 08:54:26'),(30,'HS2024017','Kavya Pillai','kavya@hms.edu','$2b$10$td2Z2fboBeSSy/73z9NXneiur2I75jVNgL1tSnxpdHnl1CY3Q3ska','student','active','2026-04-18 08:54:26'),(31,'HS2024018','Nikhil Bose','nikhil@hms.edu','$2b$10$td2Z2fboBeSSy/73z9NXneiur2I75jVNgL1tSnxpdHnl1CY3Q3ska','student','active','2026-04-18 08:54:26'),(32,'HS2024019','Shruti Desai','shruti@hms.edu','$2b$10$td2Z2fboBeSSy/73z9NXneiur2I75jVNgL1tSnxpdHnl1CY3Q3ska','student','active','2026-04-18 08:54:26'),(33,'HS2024020','Tarun Mishra','tarun@hms.edu','$2b$10$td2Z2fboBeSSy/73z9NXneiur2I75jVNgL1tSnxpdHnl1CY3Q3ska','student','active','2026-04-18 08:54:26'),(34,'HS2024021','Ananya Krishnan','ananya@hms.edu','$2b$10$td2Z2fboBeSSy/73z9NXneiur2I75jVNgL1tSnxpdHnl1CY3Q3ska','student','active','2026-04-18 08:54:26'),(35,'HS2024022','Deepak Rajan','deepak@hms.edu','$2b$10$td2Z2fboBeSSy/73z9NXneiur2I75jVNgL1tSnxpdHnl1CY3Q3ska','student','active','2026-04-18 08:54:26'),(36,'HS2024023','Ritika Shah','ritika@hms.edu','$2b$10$td2Z2fboBeSSy/73z9NXneiur2I75jVNgL1tSnxpdHnl1CY3Q3ska','student','active','2026-04-18 08:54:26'),(37,'HS2024024','Manish Tiwari','manish@hms.edu','$2b$10$td2Z2fboBeSSy/73z9NXneiur2I75jVNgL1tSnxpdHnl1CY3Q3ska','student','active','2026-04-18 08:54:26'),(38,'HS2024025','Harini Subramanian','harini@hms.edu','$2b$10$td2Z2fboBeSSy/73z9NXneiur2I75jVNgL1tSnxpdHnl1CY3Q3ska','student','active','2026-04-18 08:54:26'),(39,'HS2024026','Gaurav Pandey','gaurav@hms.edu','$2b$10$td2Z2fboBeSSy/73z9NXneiur2I75jVNgL1tSnxpdHnl1CY3Q3ska','student','active','2026-04-18 08:54:26'),(40,'HS2024027','Swathi Reddy','swathi@hms.edu','$2b$10$td2Z2fboBeSSy/73z9NXneiur2I75jVNgL1tSnxpdHnl1CY3Q3ska','student','active','2026-04-18 08:54:26'),(41,'HS2024028','Akash Dubey','akash@hms.edu','$2b$10$td2Z2fboBeSSy/73z9NXneiur2I75jVNgL1tSnxpdHnl1CY3Q3ska','student','active','2026-04-18 08:54:26'),(42,'HS2024029','Lakshmi Priya','lakshmi@hms.edu','$2b$10$td2Z2fboBeSSy/73z9NXneiur2I75jVNgL1tSnxpdHnl1CY3Q3ska','student','active','2026-04-18 08:54:26'),(43,'HS2024030','Pranav Menon','pranav@hms.edu','$2b$10$td2Z2fboBeSSy/73z9NXneiur2I75jVNgL1tSnxpdHnl1CY3Q3ska','student','active','2026-04-18 08:54:26'),(44,'HS2024031','Ishaan Khanna','ishaan@hms.edu','$2b$10$td2Z2fboBeSSy/73z9NXneiur2I75jVNgL1tSnxpdHnl1CY3Q3ska','student','active','2026-04-18 08:54:26'),(45,'HS2024032','Bhavana Nair','bhavana@hms.edu','$2b$10$td2Z2fboBeSSy/73z9NXneiur2I75jVNgL1tSnxpdHnl1CY3Q3ska','student','active','2026-04-18 08:54:26'),(46,'HS2024033','Surya Prakash','surya@hms.edu','$2b$10$td2Z2fboBeSSy/73z9NXneiur2I75jVNgL1tSnxpdHnl1CY3Q3ska','student','active','2026-04-18 08:54:26'),(47,'HS2024034','Keerthi Raj','keerthi@hms.edu','$2b$10$td2Z2fboBeSSy/73z9NXneiur2I75jVNgL1tSnxpdHnl1CY3Q3ska','student','active','2026-04-18 08:54:26'),(48,'HS2024035','Naveen Reddy','naveen@hms.edu','$2b$10$td2Z2fboBeSSy/73z9NXneiur2I75jVNgL1tSnxpdHnl1CY3Q3ska','student','active','2026-04-18 08:54:26'),(49,'HS2024036','Aparna Suresh','aparna@hms.edu','$2b$10$td2Z2fboBeSSy/73z9NXneiur2I75jVNgL1tSnxpdHnl1CY3Q3ska','student','active','2026-04-18 08:54:26'),(50,'HS2024037','Varun Malhotra','varun@hms.edu','$2b$10$td2Z2fboBeSSy/73z9NXneiur2I75jVNgL1tSnxpdHnl1CY3Q3ska','student','active','2026-04-18 08:54:26'),(51,'HS2024038','Mythili Chandran','mythili@hms.edu','$2b$10$td2Z2fboBeSSy/73z9NXneiur2I75jVNgL1tSnxpdHnl1CY3Q3ska','student','active','2026-04-18 08:54:26'),(52,'HS2024039','Rohan Kapoor','rohan@hms.edu','$2b$10$td2Z2fboBeSSy/73z9NXneiur2I75jVNgL1tSnxpdHnl1CY3Q3ska','student','active','2026-04-18 08:54:26'),(53,'HS2024040','Shalini Rao','shalini@hms.edu','$2b$10$td2Z2fboBeSSy/73z9NXneiur2I75jVNgL1tSnxpdHnl1CY3Q3ska','student','active','2026-04-18 08:54:26'),(54,'HS2024041','Vivek Anand','vivek@hms.edu','$2b$10$td2Z2fboBeSSy/73z9NXneiur2I75jVNgL1tSnxpdHnl1CY3Q3ska','student','active','2026-04-18 08:54:26'),(55,'HS2024042','Nithya Sree','nithya@hms.edu','$2b$10$td2Z2fboBeSSy/73z9NXneiur2I75jVNgL1tSnxpdHnl1CY3Q3ska','student','active','2026-04-18 08:54:26'),(56,'HS2024043','Kartik Iyer','kartik@hms.edu','$2b$10$td2Z2fboBeSSy/73z9NXneiur2I75jVNgL1tSnxpdHnl1CY3Q3ska','student','active','2026-04-18 08:54:26'),(57,'HS2024044','Preeti Jain','preeti@hms.edu','$2b$10$td2Z2fboBeSSy/73z9NXneiur2I75jVNgL1tSnxpdHnl1CY3Q3ska','student','active','2026-04-18 08:54:26'),(58,'HS2024045','Abhinav Rao','abhinav@hms.edu','$2b$10$td2Z2fboBeSSy/73z9NXneiur2I75jVNgL1tSnxpdHnl1CY3Q3ska','student','active','2026-04-18 08:54:26'),(59,'HS2024046','Yamini Krishnan','yamini@hms.edu','$2b$10$td2Z2fboBeSSy/73z9NXneiur2I75jVNgL1tSnxpdHnl1CY3Q3ska','student','active','2026-04-18 08:54:26'),(60,'HS2024047','Arjun Pillai','arjunp@hms.edu','$2b$10$td2Z2fboBeSSy/73z9NXneiur2I75jVNgL1tSnxpdHnl1CY3Q3ska','student','active','2026-04-18 08:54:26'),(61,'HS2024048','Sreeja Menon','sreeja@hms.edu','$2b$10$td2Z2fboBeSSy/73z9NXneiur2I75jVNgL1tSnxpdHnl1CY3Q3ska','student','active','2026-04-18 08:54:26'),(62,'HS2024049','Rajat Verma','rajat@hms.edu','$2b$10$td2Z2fboBeSSy/73z9NXneiur2I75jVNgL1tSnxpdHnl1CY3Q3ska','student','active','2026-04-18 08:54:26'),(63,'HS2024050','Aishwarya Bhat','aishwarya@hms.edu','$2b$10$td2Z2fboBeSSy/73z9NXneiur2I75jVNgL1tSnxpdHnl1CY3Q3ska','student','active','2026-04-18 08:54:26'),(64,'HS2024051','Sriram Venkat','sriram@hms.edu','$2b$10$td2Z2fboBeSSy/73z9NXneiur2I75jVNgL1tSnxpdHnl1CY3Q3ska','student','active','2026-04-18 08:54:26'),(65,'HS2024052','Chandana Reddy','chandana@hms.edu','$2b$10$td2Z2fboBeSSy/73z9NXneiur2I75jVNgL1tSnxpdHnl1CY3Q3ska','student','active','2026-04-18 08:54:26'),(66,'HS2024053','Mihir Joshi','mihir@hms.edu','$2b$10$td2Z2fboBeSSy/73z9NXneiur2I75jVNgL1tSnxpdHnl1CY3Q3ska','student','active','2026-04-18 08:54:26'),(67,'HS2024054','Anusha Nair','anusha@hms.edu','$2b$10$td2Z2fboBeSSy/73z9NXneiur2I75jVNgL1tSnxpdHnl1CY3Q3ska','student','active','2026-04-18 08:54:26'),(68,'HS2024055','Pranesh Kumar','pranesh@hms.edu','$2b$10$td2Z2fboBeSSy/73z9NXneiur2I75jVNgL1tSnxpdHnl1CY3Q3ska','student','active','2026-04-18 08:54:26'),(69,'HS2024056','Bindhu Madhavan','bindhu@hms.edu','$2b$10$td2Z2fboBeSSy/73z9NXneiur2I75jVNgL1tSnxpdHnl1CY3Q3ska','student','active','2026-04-18 08:54:26'),(70,'HS2024057','Sachin Dubey','sachin@hms.edu','$2b$10$td2Z2fboBeSSy/73z9NXneiur2I75jVNgL1tSnxpdHnl1CY3Q3ska','student','active','2026-04-18 08:54:26'),(71,'HS2024058','Varsha Pillai','varsha@hms.edu','$2b$10$td2Z2fboBeSSy/73z9NXneiur2I75jVNgL1tSnxpdHnl1CY3Q3ska','student','active','2026-04-18 08:54:26'),(72,'HS2024059','Arjun Nambiar','arjunn@hms.edu','$2b$10$td2Z2fboBeSSy/73z9NXneiur2I75jVNgL1tSnxpdHnl1CY3Q3ska','student','active','2026-04-18 08:54:26'),(73,'HS2024060','Deepthi Suresh','deepthi@hms.edu','$2b$10$td2Z2fboBeSSy/73z9NXneiur2I75jVNgL1tSnxpdHnl1CY3Q3ska','student','active','2026-04-18 08:54:26'),(74,'HS2024061','Yash Agarwal','yash@hms.edu','$2b$10$td2Z2fboBeSSy/73z9NXneiur2I75jVNgL1tSnxpdHnl1CY3Q3ska','student','active','2026-04-18 08:54:26'),(75,'HS2024062','Rekha Krishnan','rekha@hms.edu','$2b$10$td2Z2fboBeSSy/73z9NXneiur2I75jVNgL1tSnxpdHnl1CY3Q3ska','student','active','2026-04-18 08:54:26'),(76,'HS2024063','Dhruv Malhotra','dhruv@hms.edu','$2b$10$td2Z2fboBeSSy/73z9NXneiur2I75jVNgL1tSnxpdHnl1CY3Q3ska','student','active','2026-04-18 08:54:26'),(77,'HS2024064','Sowmya Rajan','sowmya@hms.edu','$2b$10$td2Z2fboBeSSy/73z9NXneiur2I75jVNgL1tSnxpdHnl1CY3Q3ska','student','active','2026-04-18 08:54:26'),(78,'HS2024065','Karthik Menon','karthik@hms.edu','$2b$10$td2Z2fboBeSSy/73z9NXneiur2I75jVNgL1tSnxpdHnl1CY3Q3ska','student','active','2026-04-18 08:54:26'),(79,'HS2024066','Nandini Iyer','nandini@hms.edu','$2b$10$td2Z2fboBeSSy/73z9NXneiur2I75jVNgL1tSnxpdHnl1CY3Q3ska','student','active','2026-04-18 08:54:26'),(80,'HS2024067','Suraj Patil','suraj@hms.edu','$2b$10$td2Z2fboBeSSy/73z9NXneiur2I75jVNgL1tSnxpdHnl1CY3Q3ska','student','active','2026-04-18 08:54:26'),(81,'HS2024068','Lavanya Pillai','lavanya@hms.edu','$2b$10$td2Z2fboBeSSy/73z9NXneiur2I75jVNgL1tSnxpdHnl1CY3Q3ska','student','active','2026-04-18 08:54:26'),(82,'HS2024069','Pradeep Nair','pradeep@hms.edu','$2b$10$td2Z2fboBeSSy/73z9NXneiur2I75jVNgL1tSnxpdHnl1CY3Q3ska','student','active','2026-04-18 08:54:26'),(83,'HS2024070','Amrita Sharma','amrita@hms.edu','$2b$10$td2Z2fboBeSSy/73z9NXneiur2I75jVNgL1tSnxpdHnl1CY3Q3ska','student','active','2026-04-18 08:54:26'),(84,'HS2024071','Nitin Reddy','nitin@hms.edu','$2b$10$td2Z2fboBeSSy/73z9NXneiur2I75jVNgL1tSnxpdHnl1CY3Q3ska','student','active','2026-04-18 08:54:26'),(85,'HS2024072','Pavithra Suresh','pavithra@hms.edu','$2b$10$td2Z2fboBeSSy/73z9NXneiur2I75jVNgL1tSnxpdHnl1CY3Q3ska','student','active','2026-04-18 08:54:26'),(86,'HS2024073','Ashwin Kumar','ashwin@hms.edu','$2b$10$td2Z2fboBeSSy/73z9NXneiur2I75jVNgL1tSnxpdHnl1CY3Q3ska','student','active','2026-04-18 08:54:26'),(87,'HS2024074','Thenmozhi Raj','thenmo@hms.edu','$2b$10$td2Z2fboBeSSy/73z9NXneiur2I75jVNgL1tSnxpdHnl1CY3Q3ska','student','active','2026-04-18 08:54:26'),(88,'HS2024075','Vishal Gupta','vishal@hms.edu','$2b$10$td2Z2fboBeSSy/73z9NXneiur2I75jVNgL1tSnxpdHnl1CY3Q3ska','student','active','2026-04-18 08:54:26'),(89,'HS2024076','Sangeetha Nair','sangeetha@hms.edu','$2b$10$td2Z2fboBeSSy/73z9NXneiur2I75jVNgL1tSnxpdHnl1CY3Q3ska','student','active','2026-04-18 08:54:26'),(90,'HS2024077','Shubham Tiwari','shubham@hms.edu','$2b$10$td2Z2fboBeSSy/73z9NXneiur2I75jVNgL1tSnxpdHnl1CY3Q3ska','student','active','2026-04-18 08:54:26'),(91,'HS2024078','Gayathri Menon','gayathri@hms.edu','$2b$10$td2Z2fboBeSSy/73z9NXneiur2I75jVNgL1tSnxpdHnl1CY3Q3ska','student','active','2026-04-18 08:54:26'),(92,'HS2024079','Akhil Sharma','akhil@hms.edu','$2b$10$td2Z2fboBeSSy/73z9NXneiur2I75jVNgL1tSnxpdHnl1CY3Q3ska','student','active','2026-04-18 08:54:26'),(93,'HS2024080','Hema Latha','hema@hms.edu','$2b$10$td2Z2fboBeSSy/73z9NXneiur2I75jVNgL1tSnxpdHnl1CY3Q3ska','student','active','2026-04-18 08:54:26'),(94,'HS2024081','Tanmay Bose','tanmay@hms.edu','$2b$10$td2Z2fboBeSSy/73z9NXneiur2I75jVNgL1tSnxpdHnl1CY3Q3ska','student','active','2026-04-18 08:54:26'),(95,'HS2024082','Revathi Pillai','revathi@hms.edu','$2b$10$td2Z2fboBeSSy/73z9NXneiur2I75jVNgL1tSnxpdHnl1CY3Q3ska','student','active','2026-04-18 08:54:26'),(96,'HS2024083','Arun Krishnan','arun@hms.edu','$2b$10$td2Z2fboBeSSy/73z9NXneiur2I75jVNgL1tSnxpdHnl1CY3Q3ska','student','active','2026-04-18 08:54:26'),(97,'HS2024084','Sindhu Rajan','sindhu@hms.edu','$2b$10$td2Z2fboBeSSy/73z9NXneiur2I75jVNgL1tSnxpdHnl1CY3Q3ska','student','active','2026-04-18 08:54:26'),(98,'HS2024085','Madhav Iyer','madhav@hms.edu','$2b$10$td2Z2fboBeSSy/73z9NXneiur2I75jVNgL1tSnxpdHnl1CY3Q3ska','student','active','2026-04-18 08:54:26'),(99,'HS2024086','Charulatha Nair','charu@hms.edu','$2b$10$td2Z2fboBeSSy/73z9NXneiur2I75jVNgL1tSnxpdHnl1CY3Q3ska','student','active','2026-04-18 08:54:26'),(100,'HS2024087','Gautam Verma','gautam@hms.edu','$2b$10$td2Z2fboBeSSy/73z9NXneiur2I75jVNgL1tSnxpdHnl1CY3Q3ska','student','active','2026-04-18 08:54:26'),(101,'HS2024088','Vaishnavi Rao','vaishnavi@hms.edu','$2b$10$td2Z2fboBeSSy/73z9NXneiur2I75jVNgL1tSnxpdHnl1CY3Q3ska','student','active','2026-04-18 08:54:26'),(102,'HS2024089','Harish Menon','harish@hms.edu','$2b$10$td2Z2fboBeSSy/73z9NXneiur2I75jVNgL1tSnxpdHnl1CY3Q3ska','student','active','2026-04-18 08:54:26'),(103,'HS2024090','Nandhini Suresh','nandhini@hms.edu','$2b$10$td2Z2fboBeSSy/73z9NXneiur2I75jVNgL1tSnxpdHnl1CY3Q3ska','student','active','2026-04-18 08:54:26'),(104,'HS2024091','Sanjay Pillai','sanjay@hms.edu','$2b$10$td2Z2fboBeSSy/73z9NXneiur2I75jVNgL1tSnxpdHnl1CY3Q3ska','student','active','2026-04-18 08:54:26'),(105,'HS2024092','Monisha Krishnan','monisha@hms.edu','$2b$10$td2Z2fboBeSSy/73z9NXneiur2I75jVNgL1tSnxpdHnl1CY3Q3ska','student','active','2026-04-18 08:54:26'),(106,'HS2024093','Vinoth Kumar','vinoth@hms.edu','$2b$10$td2Z2fboBeSSy/73z9NXneiur2I75jVNgL1tSnxpdHnl1CY3Q3ska','student','active','2026-04-18 08:54:26'),(107,'HS2024094','Kirthika Raj','kirthika@hms.edu','$2b$10$td2Z2fboBeSSy/73z9NXneiur2I75jVNgL1tSnxpdHnl1CY3Q3ska','student','active','2026-04-18 08:54:26'),(108,'HS2024095','Shankar Reddy','shankar@hms.edu','$2b$10$td2Z2fboBeSSy/73z9NXneiur2I75jVNgL1tSnxpdHnl1CY3Q3ska','student','active','2026-04-18 08:54:26'),(109,'HS2024096','Priyadarshini M','priyad@hms.edu','$2b$10$td2Z2fboBeSSy/73z9NXneiur2I75jVNgL1tSnxpdHnl1CY3Q3ska','student','active','2026-04-18 08:54:26'),(110,'HS2024097','Balaji Raman','balaji@hms.edu','$2b$10$td2Z2fboBeSSy/73z9NXneiur2I75jVNgL1tSnxpdHnl1CY3Q3ska','student','active','2026-04-18 08:54:26'),(111,'HS2024098','Saranya Nair','saranya@hms.edu','$2b$10$td2Z2fboBeSSy/73z9NXneiur2I75jVNgL1tSnxpdHnl1CY3Q3ska','student','active','2026-04-18 08:54:26'),(112,'HS2024099','Dinesh Babu','dinesh@hms.edu','$2b$10$td2Z2fboBeSSy/73z9NXneiur2I75jVNgL1tSnxpdHnl1CY3Q3ska','student','active','2026-04-18 08:54:26'),(113,'HS2024100','Kamala Devi','kamala@hms.edu','$2b$10$td2Z2fboBeSSy/73z9NXneiur2I75jVNgL1tSnxpdHnl1CY3Q3ska','student','active','2026-04-18 08:54:26'),(114,'HS2024101','Rajkumar S','rajkumar@hms.edu','$2b$10$td2Z2fboBeSSy/73z9NXneiur2I75jVNgL1tSnxpdHnl1CY3Q3ska','student','active','2026-04-18 08:54:26'),(115,'HS2024102','Anitha Pillai','anitha@hms.edu','$2b$10$td2Z2fboBeSSy/73z9NXneiur2I75jVNgL1tSnxpdHnl1CY3Q3ska','student','active','2026-04-18 08:54:26'),(116,'HS2024103','Subramaniam K','subra@hms.edu','$2b$10$td2Z2fboBeSSy/73z9NXneiur2I75jVNgL1tSnxpdHnl1CY3Q3ska','student','active','2026-04-18 08:54:26'),(117,'HS2024104','Meenakshi Rao','meenakshi@hms.edu','$2b$10$td2Z2fboBeSSy/73z9NXneiur2I75jVNgL1tSnxpdHnl1CY3Q3ska','student','active','2026-04-18 08:54:26'),(118,'HS2024105','Vijayakumar R','vijay@hms.edu','$2b$10$td2Z2fboBeSSy/73z9NXneiur2I75jVNgL1tSnxpdHnl1CY3Q3ska','student','active','2026-04-18 08:54:26'),(119,'HS2024106','Padmapriya N','padma@hms.edu','$2b$10$td2Z2fboBeSSy/73z9NXneiur2I75jVNgL1tSnxpdHnl1CY3Q3ska','student','active','2026-04-18 08:54:26'),(120,'HS2024107','Muthukumar S','muthu@hms.edu','$2b$10$td2Z2fboBeSSy/73z9NXneiur2I75jVNgL1tSnxpdHnl1CY3Q3ska','student','active','2026-04-18 08:54:26'),(121,'HS2024108','Sumitha Krishnan','sumitha@hms.edu','$2b$10$td2Z2fboBeSSy/73z9NXneiur2I75jVNgL1tSnxpdHnl1CY3Q3ska','student','active','2026-04-18 08:54:26'),(122,'HS2024109','Thirumaran P','thiru@hms.edu','$2b$10$td2Z2fboBeSSy/73z9NXneiur2I75jVNgL1tSnxpdHnl1CY3Q3ska','student','active','2026-04-18 08:54:26'),(123,'HS2024110','Selvi Rajan','selvi@hms.edu','$2b$10$td2Z2fboBeSSy/73z9NXneiur2I75jVNgL1tSnxpdHnl1CY3Q3ska','student','active','2026-04-18 08:54:26'),(124,'HS2024111','Kumaran Nair','kumaran@hms.edu','$2b$10$td2Z2fboBeSSy/73z9NXneiur2I75jVNgL1tSnxpdHnl1CY3Q3ska','student','active','2026-04-18 08:54:26'),(125,'HS2024112','Rajalakshmi S','rajalakshmi@hms.edu','$2b$10$td2Z2fboBeSSy/73z9NXneiur2I75jVNgL1tSnxpdHnl1CY3Q3ska','student','active','2026-04-18 08:54:26'),(126,'HS2024113','Anbazhagan M','anba@hms.edu','$2b$10$td2Z2fboBeSSy/73z9NXneiur2I75jVNgL1tSnxpdHnl1CY3Q3ska','student','active','2026-04-18 08:54:26'),(127,'HS2024114','Tamilarasi K','tamil@hms.edu','$2b$10$td2Z2fboBeSSy/73z9NXneiur2I75jVNgL1tSnxpdHnl1CY3Q3ska','student','active','2026-04-18 08:54:26'),(128,'HS2024115','Senthilkumar R','senthil@hms.edu','$2b$10$td2Z2fboBeSSy/73z9NXneiur2I75jVNgL1tSnxpdHnl1CY3Q3ska','student','active','2026-04-18 08:54:26'),(129,'HS2024116','Malathi Devi','malathi@hms.edu','$2b$10$td2Z2fboBeSSy/73z9NXneiur2I75jVNgL1tSnxpdHnl1CY3Q3ska','student','active','2026-04-18 08:54:26'),(130,'HS2024117','Govindarajan S','govind@hms.edu','$2b$10$td2Z2fboBeSSy/73z9NXneiur2I75jVNgL1tSnxpdHnl1CY3Q3ska','student','active','2026-04-18 08:54:26'),(131,'HS2024118','Valarmathi R','valar@hms.edu','$2b$10$td2Z2fboBeSSy/73z9NXneiur2I75jVNgL1tSnxpdHnl1CY3Q3ska','student','active','2026-04-18 08:54:26'),(132,'HS2024119','Pazhanivel K','pazha@hms.edu','$2b$10$td2Z2fboBeSSy/73z9NXneiur2I75jVNgL1tSnxpdHnl1CY3Q3ska','student','active','2026-04-18 08:54:26'),(133,'HS2024120','Ezhilarasi P','ezhil@hms.edu','$2b$10$td2Z2fboBeSSy/73z9NXneiur2I75jVNgL1tSnxpdHnl1CY3Q3ska','student','active','2026-04-18 08:54:26'),(134,'HS2024121','Murugesan T','murugan@hms.edu','$2b$10$td2Z2fboBeSSy/73z9NXneiur2I75jVNgL1tSnxpdHnl1CY3Q3ska','student','active','2026-04-18 08:54:26'),(135,'HS2024122','Kousalya N','kousal@hms.edu','$2b$10$JVQr3YGSo6bCdUUpGqA5GO1aMNo6.buDBiNoTF/DX2RWn7dCABUsO','student','active','2026-04-18 08:54:26'),(136,'HS2024123','Saravanan M','saravan@hms.edu','$2b$10$td2Z2fboBeSSy/73z9NXneiur2I75jVNgL1tSnxpdHnl1CY3Q3ska','student','active','2026-04-18 08:54:26'),(137,'HS2024124','Jayalakshmi R','jayal@hms.edu','$2b$10$td2Z2fboBeSSy/73z9NXneiur2I75jVNgL1tSnxpdHnl1CY3Q3ska','student','active','2026-04-18 08:54:26'),(138,'HS2024125','Manikandan P','manik@hms.edu','$2b$10$td2Z2fboBeSSy/73z9NXneiur2I75jVNgL1tSnxpdHnl1CY3Q3ska','student','active','2026-04-18 08:54:26'),(139,'HS2024126','Umamaheswari S','uma@hms.edu','$2b$10$td2Z2fboBeSSy/73z9NXneiur2I75jVNgL1tSnxpdHnl1CY3Q3ska','student','active','2026-04-18 08:54:26'),(140,'HS2024127','Balamurugan K','bala@hms.edu','$2b$10$td2Z2fboBeSSy/73z9NXneiur2I75jVNgL1tSnxpdHnl1CY3Q3ska','student','active','2026-04-18 08:54:26'),(141,'HS2024128','Kavitha Lakshmi','kavithal@hms.edu','$2b$10$td2Z2fboBeSSy/73z9NXneiur2I75jVNgL1tSnxpdHnl1CY3Q3ska','student','active','2026-04-18 08:54:26'),(142,'HS2024129','Radhakrishnan V','radha@hms.edu','$2b$10$td2Z2fboBeSSy/73z9NXneiur2I75jVNgL1tSnxpdHnl1CY3Q3ska','student','active','2026-04-18 08:54:26'),(143,'HS2024130','Gowri Shankar','gowri@hms.edu','$2b$10$td2Z2fboBeSSy/73z9NXneiur2I75jVNgL1tSnxpdHnl1CY3Q3ska','student','active','2026-04-18 08:54:26'),(144,'HS2024131','Thamarai Selvi','thamarai@hms.edu','$2b$10$td2Z2fboBeSSy/73z9NXneiur2I75jVNgL1tSnxpdHnl1CY3Q3ska','student','active','2026-04-18 08:54:26'),(145,'HS2024132','Ilayaraja M','ilaya@hms.edu','$2b$10$td2Z2fboBeSSy/73z9NXneiur2I75jVNgL1tSnxpdHnl1CY3Q3ska','student','active','2026-04-18 08:54:26'),(146,'HS2024133','Ponniyin Selvan','ponni@hms.edu','$2b$10$td2Z2fboBeSSy/73z9NXneiur2I75jVNgL1tSnxpdHnl1CY3Q3ska','student','active','2026-04-18 08:54:26'),(147,'HS2024134','Mangayarkarasi R','manga@hms.edu','$2b$10$td2Z2fboBeSSy/73z9NXneiur2I75jVNgL1tSnxpdHnl1CY3Q3ska','student','active','2026-04-18 08:54:26'),(148,'HS2024135','Periyasamy K','periya@hms.edu','$2b$10$td2Z2fboBeSSy/73z9NXneiur2I75jVNgL1tSnxpdHnl1CY3Q3ska','student','active','2026-04-18 08:54:26'),(149,'HS2024136','Neelaveni S','neela@hms.edu','$2b$10$td2Z2fboBeSSy/73z9NXneiur2I75jVNgL1tSnxpdHnl1CY3Q3ska','student','active','2026-04-18 08:54:26'),(150,'HS2024137','Dhanasekaran P','dhana@hms.edu','$2b$10$td2Z2fboBeSSy/73z9NXneiur2I75jVNgL1tSnxpdHnl1CY3Q3ska','student','active','2026-04-18 08:54:26'),(151,'HS2024138','Vijayalakshmi T','vijayal@hms.edu','$2b$10$td2Z2fboBeSSy/73z9NXneiur2I75jVNgL1tSnxpdHnl1CY3Q3ska','student','active','2026-04-18 08:54:26'),(152,'HS2024139','Chellapandian M','chella@hms.edu','$2b$10$td2Z2fboBeSSy/73z9NXneiur2I75jVNgL1tSnxpdHnl1CY3Q3ska','student','active','2026-04-18 08:54:26'),(153,'HS2024140','Karpagavalli R','karpa@hms.edu','$2b$10$td2Z2fboBeSSy/73z9NXneiur2I75jVNgL1tSnxpdHnl1CY3Q3ska','student','active','2026-04-18 08:54:26'),(154,'HS2024141','Sundaresan K','sundar@hms.edu','$2b$10$td2Z2fboBeSSy/73z9NXneiur2I75jVNgL1tSnxpdHnl1CY3Q3ska','student','active','2026-04-18 08:54:26'),(155,'HS2024142','Parimala Devi','parimal@hms.edu','$2b$10$td2Z2fboBeSSy/73z9NXneiur2I75jVNgL1tSnxpdHnl1CY3Q3ska','student','active','2026-04-18 08:54:26'),(156,'HS2024143','Vetrivel M','vetri@hms.edu','$2b$10$td2Z2fboBeSSy/73z9NXneiur2I75jVNgL1tSnxpdHnl1CY3Q3ska','student','active','2026-04-18 08:54:26'),(157,'HS2024144','Subashini K','subash@hms.edu','$2b$10$td2Z2fboBeSSy/73z9NXneiur2I75jVNgL1tSnxpdHnl1CY3Q3ska','student','active','2026-04-18 08:54:26'),(158,'HS2024145','Kathiresan P','kathi@hms.edu','$2b$10$td2Z2fboBeSSy/73z9NXneiur2I75jVNgL1tSnxpdHnl1CY3Q3ska','student','active','2026-04-18 08:54:26'),(159,'HS2024146','Indhumathi R','indhu@hms.edu','$2b$10$td2Z2fboBeSSy/73z9NXneiur2I75jVNgL1tSnxpdHnl1CY3Q3ska','student','active','2026-04-18 08:54:26'),(160,'HS2024147','Elangovan S','elango@hms.edu','$2b$10$td2Z2fboBeSSy/73z9NXneiur2I75jVNgL1tSnxpdHnl1CY3Q3ska','student','active','2026-04-18 08:54:26'),(161,'HS2024148','Suganya Devi','suganya@hms.edu','$2b$10$td2Z2fboBeSSy/73z9NXneiur2I75jVNgL1tSnxpdHnl1CY3Q3ska','student','active','2026-04-18 08:54:26'),(162,'HS2024149','Prakash Raj','prakash@hms.edu','$2b$10$td2Z2fboBeSSy/73z9NXneiur2I75jVNgL1tSnxpdHnl1CY3Q3ska','student','active','2026-04-18 08:54:26'),(163,'HS2024150','Rani Meenakshi','rani@hms.edu','$2b$10$td2Z2fboBeSSy/73z9NXneiur2I75jVNgL1tSnxpdHnl1CY3Q3ska','student','active','2026-04-18 08:54:26'),(327,'HS2024151','Aakash Verma','aakash151@hms.edu','$2b$10$td2Z2fboBeSSy/73z9NXneiur2I75jVNgL1tSnxpdHnl1CY3Q3ska','student','active','2026-04-19 13:14:49'),(328,'HS2024152','Abhinaya R','abhinaya152@hms.edu','$2b$10$td2Z2fboBeSSy/73z9NXneiur2I75jVNgL1tSnxpdHnl1CY3Q3ska','student','active','2026-04-19 13:14:49'),(329,'HS2024153','Adhitya Kumar','adhitya153@hms.edu','$2b$10$td2Z2fboBeSSy/73z9NXneiur2I75jVNgL1tSnxpdHnl1CY3Q3ska','student','active','2026-04-19 13:14:49'),(330,'HS2024154','Agastya Pillai','agastya154@hms.edu','$2b$10$td2Z2fboBeSSy/73z9NXneiur2I75jVNgL1tSnxpdHnl1CY3Q3ska','student','active','2026-04-19 13:14:49'),(331,'HS2024155','Ahana Singh','ahana155@hms.edu','$2b$10$td2Z2fboBeSSy/73z9NXneiur2I75jVNgL1tSnxpdHnl1CY3Q3ska','student','active','2026-04-19 13:14:49'),(332,'HS2024156','Aishwarya Menon','aishwarya156@hms.edu','$2b$10$td2Z2fboBeSSy/73z9NXneiur2I75jVNgL1tSnxpdHnl1CY3Q3ska','student','active','2026-04-19 13:14:49'),(333,'HS2024157','Ajay Krishnan','ajay157@hms.edu','$2b$10$td2Z2fboBeSSy/73z9NXneiur2I75jVNgL1tSnxpdHnl1CY3Q3ska','student','active','2026-04-19 13:14:49'),(334,'HS2024158','Akanksha Rao','akanksha158@hms.edu','$2b$10$td2Z2fboBeSSy/73z9NXneiur2I75jVNgL1tSnxpdHnl1CY3Q3ska','student','active','2026-04-19 13:14:49'),(335,'HS2024159','Akshay Nair','akshay159@hms.edu','$2b$10$td2Z2fboBeSSy/73z9NXneiur2I75jVNgL1tSnxpdHnl1CY3Q3ska','student','active','2026-04-19 13:14:49'),(336,'HS2024160','Akshita Sharma','akshita160@hms.edu','$2b$10$td2Z2fboBeSSy/73z9NXneiur2I75jVNgL1tSnxpdHnl1CY3Q3ska','student','active','2026-04-19 13:14:49'),(337,'HS2024161','Alok Pandey','alok161@hms.edu','$2b$10$td2Z2fboBeSSy/73z9NXneiur2I75jVNgL1tSnxpdHnl1CY3Q3ska','student','active','2026-04-19 13:14:49'),(338,'HS2024162','Amisha Patel','amisha162@hms.edu','$2b$10$td2Z2fboBeSSy/73z9NXneiur2I75jVNgL1tSnxpdHnl1CY3Q3ska','student','active','2026-04-19 13:14:49'),(339,'HS2024163','Amol Desai','amol163@hms.edu','$2b$10$td2Z2fboBeSSy/73z9NXneiur2I75jVNgL1tSnxpdHnl1CY3Q3ska','student','active','2026-04-19 13:14:49'),(340,'HS2024164','Amrita Krishnan','amrita164@hms.edu','$2b$10$td2Z2fboBeSSy/73z9NXneiur2I75jVNgL1tSnxpdHnl1CY3Q3ska','student','active','2026-04-19 13:14:49'),(341,'HS2024165','Anand Suresh','anand165@hms.edu','$2b$10$td2Z2fboBeSSy/73z9NXneiur2I75jVNgL1tSnxpdHnl1CY3Q3ska','student','active','2026-04-19 13:14:49'),(342,'HS2024166','Ananya Pillai','ananya166@hms.edu','$2b$10$td2Z2fboBeSSy/73z9NXneiur2I75jVNgL1tSnxpdHnl1CY3Q3ska','student','active','2026-04-19 13:14:49'),(343,'HS2024167','Anbazhagan K','anba167@hms.edu','$2b$10$td2Z2fboBeSSy/73z9NXneiur2I75jVNgL1tSnxpdHnl1CY3Q3ska','student','active','2026-04-19 13:14:49'),(344,'HS2024168','Aniket Joshi','aniket168@hms.edu','$2b$10$td2Z2fboBeSSy/73z9NXneiur2I75jVNgL1tSnxpdHnl1CY3Q3ska','student','active','2026-04-19 13:14:49'),(345,'HS2024169','Anish Kumar','anish169@hms.edu','$2b$10$td2Z2fboBeSSy/73z9NXneiur2I75jVNgL1tSnxpdHnl1CY3Q3ska','student','active','2026-04-19 13:14:49'),(346,'HS2024170','Anita Reddy','anita170@hms.edu','$2b$10$td2Z2fboBeSSy/73z9NXneiur2I75jVNgL1tSnxpdHnl1CY3Q3ska','student','active','2026-04-19 13:14:49'),(347,'HS2024171','Anjana Nair','anjana171@hms.edu','$2b$10$td2Z2fboBeSSy/73z9NXneiur2I75jVNgL1tSnxpdHnl1CY3Q3ska','student','active','2026-04-19 13:14:49'),(348,'HS2024172','Ankita Sharma','ankita172@hms.edu','$2b$10$td2Z2fboBeSSy/73z9NXneiur2I75jVNgL1tSnxpdHnl1CY3Q3ska','student','active','2026-04-19 13:14:49'),(349,'HS2024173','Anoop Menon','anoop173@hms.edu','$2b$10$td2Z2fboBeSSy/73z9NXneiur2I75jVNgL1tSnxpdHnl1CY3Q3ska','student','active','2026-04-19 13:14:49'),(350,'HS2024174','Anurag Singh','anurag174@hms.edu','$2b$10$td2Z2fboBeSSy/73z9NXneiur2I75jVNgL1tSnxpdHnl1CY3Q3ska','student','active','2026-04-19 13:14:49'),(351,'HS2024175','Apoorva Rao','apoorva175@hms.edu','$2b$10$td2Z2fboBeSSy/73z9NXneiur2I75jVNgL1tSnxpdHnl1CY3Q3ska','student','active','2026-04-19 13:14:49'),(352,'HS2024176','Arjun Nair','arjun176@hms.edu','$2b$10$td2Z2fboBeSSy/73z9NXneiur2I75jVNgL1tSnxpdHnl1CY3Q3ska','student','active','2026-04-19 13:14:49'),(353,'HS2024177','Arnav Gupta','arnav177@hms.edu','$2b$10$td2Z2fboBeSSy/73z9NXneiur2I75jVNgL1tSnxpdHnl1CY3Q3ska','student','active','2026-04-19 13:14:49'),(354,'HS2024178','Arpit Tiwari','arpit178@hms.edu','$2b$10$td2Z2fboBeSSy/73z9NXneiur2I75jVNgL1tSnxpdHnl1CY3Q3ska','student','active','2026-04-19 13:14:49'),(355,'HS2024179','Arsha Pillai','arsha179@hms.edu','$2b$10$td2Z2fboBeSSy/73z9NXneiur2I75jVNgL1tSnxpdHnl1CY3Q3ska','student','active','2026-04-19 13:14:49'),(356,'HS2024180','Aruna Devi','aruna180@hms.edu','$2b$10$td2Z2fboBeSSy/73z9NXneiur2I75jVNgL1tSnxpdHnl1CY3Q3ska','student','active','2026-04-19 13:14:49'),(357,'HS2024181','Arun Babu','arun181@hms.edu','$2b$10$td2Z2fboBeSSy/73z9NXneiur2I75jVNgL1tSnxpdHnl1CY3Q3ska','student','active','2026-04-19 13:14:49'),(358,'HS2024182','Aryan Shah','aryan182@hms.edu','$2b$10$td2Z2fboBeSSy/73z9NXneiur2I75jVNgL1tSnxpdHnl1CY3Q3ska','student','active','2026-04-19 13:14:49'),(359,'HS2024183','Asha Krishnan','asha183@hms.edu','$2b$10$td2Z2fboBeSSy/73z9NXneiur2I75jVNgL1tSnxpdHnl1CY3Q3ska','student','active','2026-04-19 13:14:49'),(360,'HS2024184','Ashish Verma','ashish184@hms.edu','$2b$10$td2Z2fboBeSSy/73z9NXneiur2I75jVNgL1tSnxpdHnl1CY3Q3ska','student','active','2026-04-19 13:14:49'),(361,'HS2024185','Aswin Kumar','aswin185@hms.edu','$2b$10$td2Z2fboBeSSy/73z9NXneiur2I75jVNgL1tSnxpdHnl1CY3Q3ska','student','active','2026-04-19 13:14:49'),(362,'HS2024186','Atharv Joshi','atharv186@hms.edu','$2b$10$td2Z2fboBeSSy/73z9NXneiur2I75jVNgL1tSnxpdHnl1CY3Q3ska','student','active','2026-04-19 13:14:49'),(363,'HS2024187','Athira Menon','athira187@hms.edu','$2b$10$td2Z2fboBeSSy/73z9NXneiur2I75jVNgL1tSnxpdHnl1CY3Q3ska','student','active','2026-04-19 13:14:49'),(364,'HS2024188','Avani Patel','avani188@hms.edu','$2b$10$td2Z2fboBeSSy/73z9NXneiur2I75jVNgL1tSnxpdHnl1CY3Q3ska','student','active','2026-04-19 13:14:49'),(365,'HS2024189','Ayaan Khan','ayaan189@hms.edu','$2b$10$td2Z2fboBeSSy/73z9NXneiur2I75jVNgL1tSnxpdHnl1CY3Q3ska','student','active','2026-04-19 13:14:49'),(366,'HS2024190','Ayesha Nair','ayesha190@hms.edu','$2b$10$td2Z2fboBeSSy/73z9NXneiur2I75jVNgL1tSnxpdHnl1CY3Q3ska','student','active','2026-04-19 13:14:49'),(367,'HS2024191','Azhar Hussain','azhar191@hms.edu','$2b$10$td2Z2fboBeSSy/73z9NXneiur2I75jVNgL1tSnxpdHnl1CY3Q3ska','student','active','2026-04-19 13:14:49'),(368,'HS2024192','Babita Sharma','babita192@hms.edu','$2b$10$td2Z2fboBeSSy/73z9NXneiur2I75jVNgL1tSnxpdHnl1CY3Q3ska','student','active','2026-04-19 13:14:49'),(369,'HS2024193','Balachandran P','balachandran193@hms.edu','$2b$10$td2Z2fboBeSSy/73z9NXneiur2I75jVNgL1tSnxpdHnl1CY3Q3ska','student','active','2026-04-19 13:14:49'),(370,'HS2024194','Bharat Reddy','bharat194@hms.edu','$2b$10$td2Z2fboBeSSy/73z9NXneiur2I75jVNgL1tSnxpdHnl1CY3Q3ska','student','active','2026-04-19 13:14:49'),(371,'HS2024195','Bharathi Devi','bharathi195@hms.edu','$2b$10$td2Z2fboBeSSy/73z9NXneiur2I75jVNgL1tSnxpdHnl1CY3Q3ska','student','active','2026-04-19 13:14:49'),(372,'HS2024196','Bhuvan Menon','bhuvan196@hms.edu','$2b$10$td2Z2fboBeSSy/73z9NXneiur2I75jVNgL1tSnxpdHnl1CY3Q3ska','student','active','2026-04-19 13:14:49'),(373,'HS2024197','Bindu Madhavi','bindu197@hms.edu','$2b$10$td2Z2fboBeSSy/73z9NXneiur2I75jVNgL1tSnxpdHnl1CY3Q3ska','student','active','2026-04-19 13:14:49'),(374,'HS2024198','Chaitanya Rao','chaitanya198@hms.edu','$2b$10$td2Z2fboBeSSy/73z9NXneiur2I75jVNgL1tSnxpdHnl1CY3Q3ska','student','active','2026-04-19 13:14:49'),(375,'HS2024199','Chandan Singh','chandan199@hms.edu','$2b$10$td2Z2fboBeSSy/73z9NXneiur2I75jVNgL1tSnxpdHnl1CY3Q3ska','student','active','2026-04-19 13:14:49'),(376,'HS2024200','Charan Kumar','charan200@hms.edu','$2b$10$td2Z2fboBeSSy/73z9NXneiur2I75jVNgL1tSnxpdHnl1CY3Q3ska','student','active','2026-04-19 13:14:49'),(377,'HS2024201','Chitra Nair','chitra201@hms.edu','$2b$10$td2Z2fboBeSSy/73z9NXneiur2I75jVNgL1tSnxpdHnl1CY3Q3ska','student','active','2026-04-19 13:14:49'),(378,'HS2024202','Daksh Sharma','daksh202@hms.edu','$2b$10$td2Z2fboBeSSy/73z9NXneiur2I75jVNgL1tSnxpdHnl1CY3Q3ska','student','active','2026-04-19 13:14:49'),(379,'HS2024203','Darshan Pillai','darshan203@hms.edu','$2b$10$td2Z2fboBeSSy/73z9NXneiur2I75jVNgL1tSnxpdHnl1CY3Q3ska','student','active','2026-04-19 13:14:49'),(380,'HS2024204','Deepa Krishnan','deepa204@hms.edu','$2b$10$td2Z2fboBeSSy/73z9NXneiur2I75jVNgL1tSnxpdHnl1CY3Q3ska','student','active','2026-04-19 13:14:49'),(381,'HS2024205','Devansh Gupta','devansh205@hms.edu','$2b$10$td2Z2fboBeSSy/73z9NXneiur2I75jVNgL1tSnxpdHnl1CY3Q3ska','student','active','2026-04-19 13:14:49'),(382,'HS2024206','Devi Priya','devi206@hms.edu','$2b$10$td2Z2fboBeSSy/73z9NXneiur2I75jVNgL1tSnxpdHnl1CY3Q3ska','student','active','2026-04-19 13:14:49'),(383,'HS2024207','Dhanya Suresh','dhanya207@hms.edu','$2b$10$td2Z2fboBeSSy/73z9NXneiur2I75jVNgL1tSnxpdHnl1CY3Q3ska','student','active','2026-04-19 13:14:49'),(384,'HS2024208','Dhaval Patel','dhaval208@hms.edu','$2b$10$td2Z2fboBeSSy/73z9NXneiur2I75jVNgL1tSnxpdHnl1CY3Q3ska','student','active','2026-04-19 13:14:49'),(385,'HS2024209','Dhivya Menon','dhivya209@hms.edu','$2b$10$td2Z2fboBeSSy/73z9NXneiur2I75jVNgL1tSnxpdHnl1CY3Q3ska','student','active','2026-04-19 13:14:49'),(386,'HS2024210','Dhruva Reddy','dhruva210@hms.edu','$2b$10$td2Z2fboBeSSy/73z9NXneiur2I75jVNgL1tSnxpdHnl1CY3Q3ska','student','active','2026-04-19 13:14:49'),(387,'HS2024211','Dimple Sharma','dimple211@hms.edu','$2b$10$td2Z2fboBeSSy/73z9NXneiur2I75jVNgL1tSnxpdHnl1CY3Q3ska','student','active','2026-04-19 13:14:49'),(388,'HS2024212','Diya Krishnan','diya212@hms.edu','$2b$10$td2Z2fboBeSSy/73z9NXneiur2I75jVNgL1tSnxpdHnl1CY3Q3ska','student','active','2026-04-19 13:14:49'),(389,'HS2024213','Divyesh Patel','divyesh213@hms.edu','$2b$10$td2Z2fboBeSSy/73z9NXneiur2I75jVNgL1tSnxpdHnl1CY3Q3ska','student','active','2026-04-19 13:14:49'),(390,'HS2024214','Elan Chezhiyan','elan214@hms.edu','$2b$10$td2Z2fboBeSSy/73z9NXneiur2I75jVNgL1tSnxpdHnl1CY3Q3ska','student','active','2026-04-19 13:14:49'),(391,'HS2024215','Eswar Kumar','eswar215@hms.edu','$2b$10$td2Z2fboBeSSy/73z9NXneiur2I75jVNgL1tSnxpdHnl1CY3Q3ska','student','active','2026-04-19 13:14:49'),(392,'HS2024216','Faisal Ahmed','faisal216@hms.edu','$2b$10$td2Z2fboBeSSy/73z9NXneiur2I75jVNgL1tSnxpdHnl1CY3Q3ska','student','active','2026-04-19 13:14:49'),(393,'HS2024217','Farhan Akhtar','farhan217@hms.edu','$2b$10$td2Z2fboBeSSy/73z9NXneiur2I75jVNgL1tSnxpdHnl1CY3Q3ska','student','active','2026-04-19 13:14:49'),(394,'HS2024218','Ganesh Babu','ganesh218@hms.edu','$2b$10$td2Z2fboBeSSy/73z9NXneiur2I75jVNgL1tSnxpdHnl1CY3Q3ska','student','active','2026-04-19 13:14:49'),(395,'HS2024219','Gayathri Devi','gayathri219@hms.edu','$2b$10$td2Z2fboBeSSy/73z9NXneiur2I75jVNgL1tSnxpdHnl1CY3Q3ska','student','active','2026-04-19 13:14:49'),(396,'HS2024220','Geeta Pillai','geeta220@hms.edu','$2b$10$td2Z2fboBeSSy/73z9NXneiur2I75jVNgL1tSnxpdHnl1CY3Q3ska','student','active','2026-04-19 13:14:49'),(397,'HS2024221','Girish Menon','girish221@hms.edu','$2b$10$td2Z2fboBeSSy/73z9NXneiur2I75jVNgL1tSnxpdHnl1CY3Q3ska','student','active','2026-04-19 13:14:49'),(398,'HS2024222','Gopal Krishnan','gopal222@hms.edu','$2b$10$td2Z2fboBeSSy/73z9NXneiur2I75jVNgL1tSnxpdHnl1CY3Q3ska','student','active','2026-04-19 13:14:49'),(399,'HS2024223','Gowrishankar P','gowri223@hms.edu','$2b$10$td2Z2fboBeSSy/73z9NXneiur2I75jVNgL1tSnxpdHnl1CY3Q3ska','student','active','2026-04-19 13:14:49'),(400,'HS2024224','Gulshan Kumar','gulshan224@hms.edu','$2b$10$td2Z2fboBeSSy/73z9NXneiur2I75jVNgL1tSnxpdHnl1CY3Q3ska','student','active','2026-04-19 13:14:49'),(401,'HS2024225','Hari Prasad','hari225@hms.edu','$2b$10$td2Z2fboBeSSy/73z9NXneiur2I75jVNgL1tSnxpdHnl1CY3Q3ska','student','active','2026-04-19 13:14:49'),(402,'HS2024226','Haritha Nair','haritha226@hms.edu','$2b$10$td2Z2fboBeSSy/73z9NXneiur2I75jVNgL1tSnxpdHnl1CY3Q3ska','student','active','2026-04-19 13:14:49'),(403,'HS2024227','Harsha Vardhan','harsha227@hms.edu','$2b$10$td2Z2fboBeSSy/73z9NXneiur2I75jVNgL1tSnxpdHnl1CY3Q3ska','student','active','2026-04-19 13:14:49'),(404,'HS2024228','Hemanth Kumar','hemanth228@hms.edu','$2b$10$td2Z2fboBeSSy/73z9NXneiur2I75jVNgL1tSnxpdHnl1CY3Q3ska','student','active','2026-04-19 13:14:49'),(405,'HS2024229','Himanshu Rao','himanshu229@hms.edu','$2b$10$td2Z2fboBeSSy/73z9NXneiur2I75jVNgL1tSnxpdHnl1CY3Q3ska','student','active','2026-04-19 13:14:49'),(406,'HS2024230','Hrishikesh M','hrishi230@hms.edu','$2b$10$td2Z2fboBeSSy/73z9NXneiur2I75jVNgL1tSnxpdHnl1CY3Q3ska','student','active','2026-04-19 13:14:49'),(407,'HS2024231','Ilavarasi K','ilavar231@hms.edu','$2b$10$td2Z2fboBeSSy/73z9NXneiur2I75jVNgL1tSnxpdHnl1CY3Q3ska','student','active','2026-04-19 13:14:49'),(408,'HS2024232','Indrajit Roy','indra232@hms.edu','$2b$10$td2Z2fboBeSSy/73z9NXneiur2I75jVNgL1tSnxpdHnl1CY3Q3ska','student','active','2026-04-19 13:14:49'),(409,'HS2024233','Ishita Mehta','ishita233@hms.edu','$2b$10$td2Z2fboBeSSy/73z9NXneiur2I75jVNgL1tSnxpdHnl1CY3Q3ska','student','active','2026-04-19 13:14:49'),(410,'HS2024234','Jagadish Babu','jagadish234@hms.edu','$2b$10$td2Z2fboBeSSy/73z9NXneiur2I75jVNgL1tSnxpdHnl1CY3Q3ska','student','active','2026-04-19 13:14:49'),(411,'HS2024235','Janani Pillai','janani235@hms.edu','$2b$10$td2Z2fboBeSSy/73z9NXneiur2I75jVNgL1tSnxpdHnl1CY3Q3ska','student','active','2026-04-19 13:14:49'),(412,'HS2024236','Jasmine Nair','jasmine236@hms.edu','$2b$10$td2Z2fboBeSSy/73z9NXneiur2I75jVNgL1tSnxpdHnl1CY3Q3ska','student','active','2026-04-19 13:14:49'),(413,'HS2024237','Jayesh Patel','jayesh237@hms.edu','$2b$10$td2Z2fboBeSSy/73z9NXneiur2I75jVNgL1tSnxpdHnl1CY3Q3ska','student','active','2026-04-19 13:14:49'),(414,'HS2024238','Jeevan Kumar','jeevan238@hms.edu','$2b$10$td2Z2fboBeSSy/73z9NXneiur2I75jVNgL1tSnxpdHnl1CY3Q3ska','student','active','2026-04-19 13:14:49'),(415,'HS2024239','Jenifer Rao','jenifer239@hms.edu','$2b$10$td2Z2fboBeSSy/73z9NXneiur2I75jVNgL1tSnxpdHnl1CY3Q3ska','student','active','2026-04-19 13:14:49'),(416,'HS2024240','Jithin Menon','jithin240@hms.edu','$2b$10$td2Z2fboBeSSy/73z9NXneiur2I75jVNgL1tSnxpdHnl1CY3Q3ska','student','active','2026-04-19 13:14:49'),(417,'HS2024241','Joshua David','joshua241@hms.edu','$2b$10$td2Z2fboBeSSy/73z9NXneiur2I75jVNgL1tSnxpdHnl1CY3Q3ska','student','active','2026-04-19 13:14:49'),(418,'HS2024242','Jyothi Krishnan','jyothi242@hms.edu','$2b$10$td2Z2fboBeSSy/73z9NXneiur2I75jVNgL1tSnxpdHnl1CY3Q3ska','student','active','2026-04-19 13:14:49'),(419,'HS2024243','Kabilan S','kabilan243@hms.edu','$2b$10$td2Z2fboBeSSy/73z9NXneiur2I75jVNgL1tSnxpdHnl1CY3Q3ska','student','active','2026-04-19 13:14:49'),(420,'HS2024244','Kalpana Devi','kalpana244@hms.edu','$2b$10$td2Z2fboBeSSy/73z9NXneiur2I75jVNgL1tSnxpdHnl1CY3Q3ska','student','active','2026-04-19 13:14:49'),(421,'HS2024245','Kamal Hassan','kamal245@hms.edu','$2b$10$td2Z2fboBeSSy/73z9NXneiur2I75jVNgL1tSnxpdHnl1CY3Q3ska','student','active','2026-04-19 13:14:49'),(422,'HS2024246','Kamesh Babu','kamesh246@hms.edu','$2b$10$td2Z2fboBeSSy/73z9NXneiur2I75jVNgL1tSnxpdHnl1CY3Q3ska','student','active','2026-04-19 13:14:49'),(423,'HS2024247','Kanishka Roy','kanishka247@hms.edu','$2b$10$td2Z2fboBeSSy/73z9NXneiur2I75jVNgL1tSnxpdHnl1CY3Q3ska','student','active','2026-04-19 13:14:49'),(424,'HS2024248','Karthiga Devi','karthiga248@hms.edu','$2b$10$td2Z2fboBeSSy/73z9NXneiur2I75jVNgL1tSnxpdHnl1CY3Q3ska','student','active','2026-04-19 13:14:49'),(425,'HS2024249','Kaustubh Rao','kaustubh249@hms.edu','$2b$10$td2Z2fboBeSSy/73z9NXneiur2I75jVNgL1tSnxpdHnl1CY3Q3ska','student','active','2026-04-19 13:14:49'),(426,'HS2024250','Kaveri Menon','kaveri250@hms.edu','$2b$10$td2Z2fboBeSSy/73z9NXneiur2I75jVNgL1tSnxpdHnl1CY3Q3ska','student','active','2026-04-19 13:14:49'),(427,'HS2024251','Kedar Nath','kedar251@hms.edu','$2b$10$td2Z2fboBeSSy/73z9NXneiur2I75jVNgL1tSnxpdHnl1CY3Q3ska','student','active','2026-04-19 13:14:49'),(428,'HS2024252','Keerthana S','keerthana252@hms.edu','$2b$10$td2Z2fboBeSSy/73z9NXneiur2I75jVNgL1tSnxpdHnl1CY3Q3ska','student','active','2026-04-19 13:14:49'),(429,'HS2024253','Kiran Babu','kiran253@hms.edu','$2b$10$td2Z2fboBeSSy/73z9NXneiur2I75jVNgL1tSnxpdHnl1CY3Q3ska','student','active','2026-04-19 13:14:49'),(430,'HS2024254','Kishor Kumar','kishor254@hms.edu','$2b$10$td2Z2fboBeSSy/73z9NXneiur2I75jVNgL1tSnxpdHnl1CY3Q3ska','student','active','2026-04-19 13:14:49'),(431,'HS2024255','Komala Devi','komala255@hms.edu','$2b$10$td2Z2fboBeSSy/73z9NXneiur2I75jVNgL1tSnxpdHnl1CY3Q3ska','student','active','2026-04-19 13:14:49'),(432,'HS2024256','Krishnaraj S','krishna256@hms.edu','$2b$10$td2Z2fboBeSSy/73z9NXneiur2I75jVNgL1tSnxpdHnl1CY3Q3ska','student','active','2026-04-19 13:14:49'),(433,'HS2024257','Kriti Sharma','kriti257@hms.edu','$2b$10$td2Z2fboBeSSy/73z9NXneiur2I75jVNgL1tSnxpdHnl1CY3Q3ska','student','active','2026-04-19 13:14:49'),(434,'HS2024258','Kunal Mehta','kunal258@hms.edu','$2b$10$td2Z2fboBeSSy/73z9NXneiur2I75jVNgL1tSnxpdHnl1CY3Q3ska','student','active','2026-04-19 13:14:49'),(435,'HS2024259','Lakshman Rao','lakshman259@hms.edu','$2b$10$td2Z2fboBeSSy/73z9NXneiur2I75jVNgL1tSnxpdHnl1CY3Q3ska','student','active','2026-04-19 13:14:49'),(436,'HS2024260','Latha Krishnan','latha260@hms.edu','$2b$10$td2Z2fboBeSSy/73z9NXneiur2I75jVNgL1tSnxpdHnl1CY3Q3ska','student','active','2026-04-19 13:14:49'),(437,'HS2024261','Lavaranya P','lavaranya261@hms.edu','$2b$10$td2Z2fboBeSSy/73z9NXneiur2I75jVNgL1tSnxpdHnl1CY3Q3ska','student','active','2026-04-19 13:14:49'),(438,'HS2024262','Lekha Nair','lekha262@hms.edu','$2b$10$td2Z2fboBeSSy/73z9NXneiur2I75jVNgL1tSnxpdHnl1CY3Q3ska','student','active','2026-04-19 13:14:49'),(439,'HS2024263','Levin Thomas','levin263@hms.edu','$2b$10$td2Z2fboBeSSy/73z9NXneiur2I75jVNgL1tSnxpdHnl1CY3Q3ska','student','active','2026-04-19 13:14:49'),(440,'HS2024264','Lokesh Kumar','lokesh264@hms.edu','$2b$10$td2Z2fboBeSSy/73z9NXneiur2I75jVNgL1tSnxpdHnl1CY3Q3ska','student','active','2026-04-19 13:14:49'),(441,'HS2024265','Madhavan R','madhavan265@hms.edu','$2b$10$td2Z2fboBeSSy/73z9NXneiur2I75jVNgL1tSnxpdHnl1CY3Q3ska','student','active','2026-04-19 13:14:49'),(442,'HS2024266','Madhumita S','madhumita266@hms.edu','$2b$10$td2Z2fboBeSSy/73z9NXneiur2I75jVNgL1tSnxpdHnl1CY3Q3ska','student','active','2026-04-19 13:14:49'),(443,'HS2024267','Mahesh Babu','mahesh267@hms.edu','$2b$10$td2Z2fboBeSSy/73z9NXneiur2I75jVNgL1tSnxpdHnl1CY3Q3ska','student','active','2026-04-19 13:14:49'),(444,'HS2024268','Malarvizhi K','malar268@hms.edu','$2b$10$td2Z2fboBeSSy/73z9NXneiur2I75jVNgL1tSnxpdHnl1CY3Q3ska','student','active','2026-04-19 13:14:49'),(445,'HS2024269','Manasa Rao','manasa269@hms.edu','$2b$10$td2Z2fboBeSSy/73z9NXneiur2I75jVNgL1tSnxpdHnl1CY3Q3ska','student','active','2026-04-19 13:14:49'),(446,'HS2024270','Manoj Pillai','manoj270@hms.edu','$2b$10$td2Z2fboBeSSy/73z9NXneiur2I75jVNgL1tSnxpdHnl1CY3Q3ska','student','active','2026-04-19 13:14:49'),(447,'HS2024271','Meera Krishnan','meera271@hms.edu','$2b$10$td2Z2fboBeSSy/73z9NXneiur2I75jVNgL1tSnxpdHnl1CY3Q3ska','student','active','2026-04-19 13:14:49'),(448,'HS2024272','Mithra Suresh','mithra272@hms.edu','$2b$10$td2Z2fboBeSSy/73z9NXneiur2I75jVNgL1tSnxpdHnl1CY3Q3ska','student','active','2026-04-19 13:14:49'),(449,'HS2024273','Mohan Raj','mohan273@hms.edu','$2b$10$td2Z2fboBeSSy/73z9NXneiur2I75jVNgL1tSnxpdHnl1CY3Q3ska','student','active','2026-04-19 13:14:49'),(450,'HS2024274','Monica Sharma','monica274@hms.edu','$2b$10$td2Z2fboBeSSy/73z9NXneiur2I75jVNgL1tSnxpdHnl1CY3Q3ska','student','active','2026-04-19 13:14:49'),(451,'HS2024275','Mridula Nair','mridula275@hms.edu','$2b$10$td2Z2fboBeSSy/73z9NXneiur2I75jVNgL1tSnxpdHnl1CY3Q3ska','student','active','2026-04-19 13:14:49'),(452,'HS2024276','Mukesh Kumar','mukesh276@hms.edu','$2b$10$td2Z2fboBeSSy/73z9NXneiur2I75jVNgL1tSnxpdHnl1CY3Q3ska','student','active','2026-04-19 13:14:49'),(453,'HS2024277','Mythreyi S','mythreyi277@hms.edu','$2b$10$td2Z2fboBeSSy/73z9NXneiur2I75jVNgL1tSnxpdHnl1CY3Q3ska','student','active','2026-04-19 13:14:49'),(454,'HS2024278','Nagapriya R','nagapriya278@hms.edu','$2b$10$td2Z2fboBeSSy/73z9NXneiur2I75jVNgL1tSnxpdHnl1CY3Q3ska','student','active','2026-04-19 13:14:49'),(455,'HS2024279','Namitha Menon','namitha279@hms.edu','$2b$10$td2Z2fboBeSSy/73z9NXneiur2I75jVNgL1tSnxpdHnl1CY3Q3ska','student','active','2026-04-19 13:14:49'),(456,'HS2024280','Naresh Babu','naresh280@hms.edu','$2b$10$td2Z2fboBeSSy/73z9NXneiur2I75jVNgL1tSnxpdHnl1CY3Q3ska','student','active','2026-04-19 13:14:49'),(457,'HS2024281','Narmada Devi','narmada281@hms.edu','$2b$10$td2Z2fboBeSSy/73z9NXneiur2I75jVNgL1tSnxpdHnl1CY3Q3ska','student','active','2026-04-19 13:14:49'),(458,'HS2024282','Navya Krishnan','navya282@hms.edu','$2b$10$td2Z2fboBeSSy/73z9NXneiur2I75jVNgL1tSnxpdHnl1CY3Q3ska','student','active','2026-04-19 13:14:49'),(459,'HS2024283','Neeraj Sharma','neeraj283@hms.edu','$2b$10$td2Z2fboBeSSy/73z9NXneiur2I75jVNgL1tSnxpdHnl1CY3Q3ska','student','active','2026-04-19 13:14:49'),(460,'HS2024284','Nethra Pillai','nethra284@hms.edu','$2b$10$td2Z2fboBeSSy/73z9NXneiur2I75jVNgL1tSnxpdHnl1CY3Q3ska','student','active','2026-04-19 13:14:49'),(461,'HS2024285','Nikhila Rao','nikhila285@hms.edu','$2b$10$td2Z2fboBeSSy/73z9NXneiur2I75jVNgL1tSnxpdHnl1CY3Q3ska','student','active','2026-04-19 13:14:49'),(462,'HS2024286','Nilesh Joshi','nilesh286@hms.edu','$2b$10$td2Z2fboBeSSy/73z9NXneiur2I75jVNgL1tSnxpdHnl1CY3Q3ska','student','active','2026-04-19 13:14:49'),(463,'HS2024287','Nirupama S','nirupama287@hms.edu','$2b$10$td2Z2fboBeSSy/73z9NXneiur2I75jVNgL1tSnxpdHnl1CY3Q3ska','student','active','2026-04-19 13:14:49'),(464,'HS2024288','Nithish Kumar','nithish288@hms.edu','$2b$10$td2Z2fboBeSSy/73z9NXneiur2I75jVNgL1tSnxpdHnl1CY3Q3ska','student','active','2026-04-19 13:14:49'),(465,'HS2024289','Nivetha R','nivetha289@hms.edu','$2b$10$td2Z2fboBeSSy/73z9NXneiur2I75jVNgL1tSnxpdHnl1CY3Q3ska','student','active','2026-04-19 13:14:49'),(466,'HS2024290','Niyaz Ahmed','niyaz290@hms.edu','$2b$10$td2Z2fboBeSSy/73z9NXneiur2I75jVNgL1tSnxpdHnl1CY3Q3ska','student','active','2026-04-19 13:14:49'),(467,'HS2024291','Om Prakash','om291@hms.edu','$2b$10$td2Z2fboBeSSy/73z9NXneiur2I75jVNgL1tSnxpdHnl1CY3Q3ska','student','active','2026-04-19 13:14:49'),(468,'HS2024292','Oviya Krishnan','oviya292@hms.edu','$2b$10$td2Z2fboBeSSy/73z9NXneiur2I75jVNgL1tSnxpdHnl1CY3Q3ska','student','active','2026-04-19 13:14:49'),(469,'HS2024293','Padmavathi R','padmavathi293@hms.edu','$2b$10$td2Z2fboBeSSy/73z9NXneiur2I75jVNgL1tSnxpdHnl1CY3Q3ska','student','active','2026-04-19 13:14:49'),(470,'HS2024294','Pallavi Sharma','pallavi294@hms.edu','$2b$10$td2Z2fboBeSSy/73z9NXneiur2I75jVNgL1tSnxpdHnl1CY3Q3ska','student','active','2026-04-19 13:14:49'),(471,'HS2024295','Pavan Kumar','pavan295@hms.edu','$2b$10$td2Z2fboBeSSy/73z9NXneiur2I75jVNgL1tSnxpdHnl1CY3Q3ska','student','active','2026-04-19 13:14:49'),(472,'HS2024296','Ponmalar S','ponmalar296@hms.edu','$2b$10$td2Z2fboBeSSy/73z9NXneiur2I75jVNgL1tSnxpdHnl1CY3Q3ska','student','active','2026-04-19 13:14:49'),(473,'HS2024297','Poornima Nair','poornima297@hms.edu','$2b$10$td2Z2fboBeSSy/73z9NXneiur2I75jVNgL1tSnxpdHnl1CY3Q3ska','student','active','2026-04-19 13:14:49'),(474,'HS2024298','Prabha Krishnan','prabha298@hms.edu','$2b$10$td2Z2fboBeSSy/73z9NXneiur2I75jVNgL1tSnxpdHnl1CY3Q3ska','student','active','2026-04-19 13:14:49'),(475,'HS2024299','Pradeesh Kumar','pradeesh299@hms.edu','$2b$10$td2Z2fboBeSSy/73z9NXneiur2I75jVNgL1tSnxpdHnl1CY3Q3ska','student','active','2026-04-19 13:14:49'),(476,'HS2024300','Pragati Singh','pragati300@hms.edu','$2b$10$td2Z2fboBeSSy/73z9NXneiur2I75jVNgL1tSnxpdHnl1CY3Q3ska','student','active','2026-04-19 13:14:49'),(477,'HS2024301','Pramod Babu','pramod301@hms.edu','$2b$10$td2Z2fboBeSSy/73z9NXneiur2I75jVNgL1tSnxpdHnl1CY3Q3ska','student','active','2026-04-19 13:14:49'),(478,'HS2024302','Pranavi Rao','pranavi302@hms.edu','$2b$10$td2Z2fboBeSSy/73z9NXneiur2I75jVNgL1tSnxpdHnl1CY3Q3ska','student','active','2026-04-19 13:14:49'),(479,'HS2024303','Prasanna Kumar','prasanna303@hms.edu','$2b$10$td2Z2fboBeSSy/73z9NXneiur2I75jVNgL1tSnxpdHnl1CY3Q3ska','student','active','2026-04-19 13:14:49'),(480,'HS2024304','Preethi Pillai','preethi304@hms.edu','$2b$10$td2Z2fboBeSSy/73z9NXneiur2I75jVNgL1tSnxpdHnl1CY3Q3ska','student','active','2026-04-19 13:14:49'),(481,'HS2024305','Premkumar S','premkumar305@hms.edu','$2b$10$td2Z2fboBeSSy/73z9NXneiur2I75jVNgL1tSnxpdHnl1CY3Q3ska','student','active','2026-04-19 13:14:49'),(482,'HS2024306','Priyadharshini N','priyadharshini306@hms.edu','$2b$10$td2Z2fboBeSSy/73z9NXneiur2I75jVNgL1tSnxpdHnl1CY3Q3ska','student','active','2026-04-19 13:14:49'),(483,'HS2024307','Punith Kumar','punith307@hms.edu','$2b$10$td2Z2fboBeSSy/73z9NXneiur2I75jVNgL1tSnxpdHnl1CY3Q3ska','student','active','2026-04-19 13:14:49'),(484,'HS2024308','Radhika Menon','radhika308@hms.edu','$2b$10$td2Z2fboBeSSy/73z9NXneiur2I75jVNgL1tSnxpdHnl1CY3Q3ska','student','active','2026-04-19 13:14:49'),(485,'HS2024309','Ragavi S','ragavi309@hms.edu','$2b$10$td2Z2fboBeSSy/73z9NXneiur2I75jVNgL1tSnxpdHnl1CY3Q3ska','student','active','2026-04-19 13:14:49'),(486,'HS2024310','Raghunath P','raghunath310@hms.edu','$2b$10$td2Z2fboBeSSy/73z9NXneiur2I75jVNgL1tSnxpdHnl1CY3Q3ska','student','active','2026-04-19 13:14:49'),(487,'HS2024311','Rahila Khan','rahila311@hms.edu','$2b$10$td2Z2fboBeSSy/73z9NXneiur2I75jVNgL1tSnxpdHnl1CY3Q3ska','student','active','2026-04-19 13:14:49'),(488,'HS2024312','Rajani Devi','rajani312@hms.edu','$2b$10$td2Z2fboBeSSy/73z9NXneiur2I75jVNgL1tSnxpdHnl1CY3Q3ska','student','active','2026-04-19 13:14:49'),(489,'HS2024313','Rajesh Pillai','rajesh313@hms.edu','$2b$10$td2Z2fboBeSSy/73z9NXneiur2I75jVNgL1tSnxpdHnl1CY3Q3ska','student','active','2026-04-19 13:14:49'),(490,'HS2024314','Rakesh Verma','rakesh314@hms.edu','$2b$10$td2Z2fboBeSSy/73z9NXneiur2I75jVNgL1tSnxpdHnl1CY3Q3ska','student','active','2026-04-19 13:14:49'),(491,'HS2024315','Ramkumar S','ramkumar315@hms.edu','$2b$10$td2Z2fboBeSSy/73z9NXneiur2I75jVNgL1tSnxpdHnl1CY3Q3ska','student','active','2026-04-19 13:14:49'),(492,'HS2024316','Ramya Krishnan','ramya316@hms.edu','$2b$10$td2Z2fboBeSSy/73z9NXneiur2I75jVNgL1tSnxpdHnl1CY3Q3ska','student','active','2026-04-19 13:14:49'),(493,'HS2024317','Ranjith Kumar','ranjith317@hms.edu','$2b$10$td2Z2fboBeSSy/73z9NXneiur2I75jVNgL1tSnxpdHnl1CY3Q3ska','student','active','2026-04-19 13:14:49'),(494,'HS2024318','Rathika Nair','rathika318@hms.edu','$2b$10$td2Z2fboBeSSy/73z9NXneiur2I75jVNgL1tSnxpdHnl1CY3Q3ska','student','active','2026-04-19 13:14:49'),(495,'HS2024319','Ravi Shankar','ravishankar319@hms.edu','$2b$10$td2Z2fboBeSSy/73z9NXneiur2I75jVNgL1tSnxpdHnl1CY3Q3ska','student','active','2026-04-19 13:14:49'),(496,'HS2024320','Reshma Pillai','reshma320@hms.edu','$2b$10$td2Z2fboBeSSy/73z9NXneiur2I75jVNgL1tSnxpdHnl1CY3Q3ska','student','active','2026-04-19 13:14:49'),(497,'HS2024321','Rithika Menon','rithika321@hms.edu','$2b$10$td2Z2fboBeSSy/73z9NXneiur2I75jVNgL1tSnxpdHnl1CY3Q3ska','student','active','2026-04-19 13:14:49'),(498,'HS2024322','Robin Mathew','robin322@hms.edu','$2b$10$td2Z2fboBeSSy/73z9NXneiur2I75jVNgL1tSnxpdHnl1CY3Q3ska','student','active','2026-04-19 13:14:49'),(499,'HS2024323','Rohini Sharma','rohini323@hms.edu','$2b$10$td2Z2fboBeSSy/73z9NXneiur2I75jVNgL1tSnxpdHnl1CY3Q3ska','student','active','2026-04-19 13:14:49'),(500,'HS2024324','Roshan Kumar','roshan324@hms.edu','$2b$10$td2Z2fboBeSSy/73z9NXneiur2I75jVNgL1tSnxpdHnl1CY3Q3ska','student','active','2026-04-19 13:14:49'),(501,'HS2024325','Rukmini Nair','rukmini325@hms.edu','$2b$10$td2Z2fboBeSSy/73z9NXneiur2I75jVNgL1tSnxpdHnl1CY3Q3ska','student','active','2026-04-19 13:14:49'),(502,'HS2024326','Sabarish P','sabarish326@hms.edu','$2b$10$td2Z2fboBeSSy/73z9NXneiur2I75jVNgL1tSnxpdHnl1CY3Q3ska','student','active','2026-04-19 13:14:49'),(503,'HS2024327','Sahana Krishnan','sahana327@hms.edu','$2b$10$td2Z2fboBeSSy/73z9NXneiur2I75jVNgL1tSnxpdHnl1CY3Q3ska','student','active','2026-04-19 13:14:49'),(504,'HS2024328','Sai Kiran','saikiran328@hms.edu','$2b$10$td2Z2fboBeSSy/73z9NXneiur2I75jVNgL1tSnxpdHnl1CY3Q3ska','student','active','2026-04-19 13:14:49'),(505,'HS2024329','Sai Priya','saipriya329@hms.edu','$2b$10$td2Z2fboBeSSy/73z9NXneiur2I75jVNgL1tSnxpdHnl1CY3Q3ska','student','active','2026-04-19 13:14:49'),(506,'HS2024330','Sakshi Gupta','sakshi330@hms.edu','$2b$10$td2Z2fboBeSSy/73z9NXneiur2I75jVNgL1tSnxpdHnl1CY3Q3ska','student','active','2026-04-19 13:14:49'),(507,'HS2024331','Sameer Khan','sameer331@hms.edu','$2b$10$td2Z2fboBeSSy/73z9NXneiur2I75jVNgL1tSnxpdHnl1CY3Q3ska','student','active','2026-04-19 13:14:49'),(508,'HS2024332','Sandhya Menon','sandhya332@hms.edu','$2b$10$td2Z2fboBeSSy/73z9NXneiur2I75jVNgL1tSnxpdHnl1CY3Q3ska','student','active','2026-04-19 13:14:49'),(509,'HS2024333','Sanjana Pillai','sanjana333@hms.edu','$2b$10$td2Z2fboBeSSy/73z9NXneiur2I75jVNgL1tSnxpdHnl1CY3Q3ska','student','active','2026-04-19 13:14:49'),(510,'HS2024334','Santosh Kumar','santosh334@hms.edu','$2b$10$td2Z2fboBeSSy/73z9NXneiur2I75jVNgL1tSnxpdHnl1CY3Q3ska','student','active','2026-04-19 13:14:49'),(511,'HS2024335','Sarathkumar R','sarath335@hms.edu','$2b$10$td2Z2fboBeSSy/73z9NXneiur2I75jVNgL1tSnxpdHnl1CY3Q3ska','student','active','2026-04-19 13:14:49'),(512,'HS2024336','Sathyanarayanan','sathya336@hms.edu','$2b$10$td2Z2fboBeSSy/73z9NXneiur2I75jVNgL1tSnxpdHnl1CY3Q3ska','student','active','2026-04-19 13:14:49'),(513,'HS2024337','Savitha Rao','savitha337@hms.edu','$2b$10$td2Z2fboBeSSy/73z9NXneiur2I75jVNgL1tSnxpdHnl1CY3Q3ska','student','active','2026-04-19 13:14:49'),(514,'HS2024338','Seema Sharma','seema338@hms.edu','$2b$10$td2Z2fboBeSSy/73z9NXneiur2I75jVNgL1tSnxpdHnl1CY3Q3ska','student','active','2026-04-19 13:14:49'),(515,'HS2024339','Selvakumar R','selva339@hms.edu','$2b$10$td2Z2fboBeSSy/73z9NXneiur2I75jVNgL1tSnxpdHnl1CY3Q3ska','student','active','2026-04-19 13:14:49'),(516,'HS2024340','Senthil Raj','senthilraj340@hms.edu','$2b$10$td2Z2fboBeSSy/73z9NXneiur2I75jVNgL1tSnxpdHnl1CY3Q3ska','student','active','2026-04-19 13:14:49'),(517,'HS2024341','Shakthi Vel','shakthi341@hms.edu','$2b$10$td2Z2fboBeSSy/73z9NXneiur2I75jVNgL1tSnxpdHnl1CY3Q3ska','student','active','2026-04-19 13:14:49'),(518,'HS2024342','Shanthi Devi','shanthi342@hms.edu','$2b$10$td2Z2fboBeSSy/73z9NXneiur2I75jVNgL1tSnxpdHnl1CY3Q3ska','student','active','2026-04-19 13:14:49'),(519,'HS2024343','Shilpa Menon','shilpa343@hms.edu','$2b$10$td2Z2fboBeSSy/73z9NXneiur2I75jVNgL1tSnxpdHnl1CY3Q3ska','student','active','2026-04-19 13:14:49'),(520,'HS2024344','Shiva Kumar','shiva344@hms.edu','$2b$10$td2Z2fboBeSSy/73z9NXneiur2I75jVNgL1tSnxpdHnl1CY3Q3ska','student','active','2026-04-19 13:14:49'),(521,'HS2024345','Shreya Pillai','shreya345@hms.edu','$2b$10$td2Z2fboBeSSy/73z9NXneiur2I75jVNgL1tSnxpdHnl1CY3Q3ska','student','active','2026-04-19 13:14:49'),(522,'HS2024346','Siddique Ahmed','siddique346@hms.edu','$2b$10$td2Z2fboBeSSy/73z9NXneiur2I75jVNgL1tSnxpdHnl1CY3Q3ska','student','active','2026-04-19 13:14:49'),(523,'HS2024347','Sivapriya R','sivapriya347@hms.edu','$2b$10$td2Z2fboBeSSy/73z9NXneiur2I75jVNgL1tSnxpdHnl1CY3Q3ska','student','active','2026-04-19 13:14:49'),(524,'HS2024348','Soumya Krishnan','soumya348@hms.edu','$2b$10$td2Z2fboBeSSy/73z9NXneiur2I75jVNgL1tSnxpdHnl1CY3Q3ska','student','active','2026-04-19 13:14:49'),(525,'HS2024349','Sravan Kumar','sravan349@hms.edu','$2b$10$td2Z2fboBeSSy/73z9NXneiur2I75jVNgL1tSnxpdHnl1CY3Q3ska','student','active','2026-04-19 13:14:49'),(526,'HS2024350','Sridevi Nair','sridevi350@hms.edu','$2b$10$td2Z2fboBeSSy/73z9NXneiur2I75jVNgL1tSnxpdHnl1CY3Q3ska','student','active','2026-04-19 13:14:49');
/*!40000 ALTER TABLE `users` ENABLE KEYS */;
UNLOCK TABLES;
/*!40103 SET TIME_ZONE=@OLD_TIME_ZONE */;

/*!40101 SET SQL_MODE=@OLD_SQL_MODE */;
/*!40014 SET FOREIGN_KEY_CHECKS=@OLD_FOREIGN_KEY_CHECKS */;
/*!40014 SET UNIQUE_CHECKS=@OLD_UNIQUE_CHECKS */;
/*!40101 SET CHARACTER_SET_CLIENT=@OLD_CHARACTER_SET_CLIENT */;
/*!40101 SET CHARACTER_SET_RESULTS=@OLD_CHARACTER_SET_RESULTS */;
/*!40101 SET COLLATION_CONNECTION=@OLD_COLLATION_CONNECTION */;
/*!40111 SET SQL_NOTES=@OLD_SQL_NOTES */;

-- Dump completed on 2026-04-22 22:54:15
